Bin Id,Marker lineage,# genomes,# markers,# marker sets,Completeness,Contamination,Strain heterogeneity,Genome size (bp),# ambiguous bases,# scaffolds,# contigs,N50 (scaffolds),N50 (contigs),Mean scaffold length (bp),Mean contig length (bp),Longest scaffold (bp),Longest contig (bp),GC,GC std (scaffolds > 1kbp),Coding density,Translation table,# predicted genes,0,1,2,3,4,5+
chicken1_DAS_maxbin_002_fasta_contigs-contigs.fa,c__Gammaproteobacteria (UID4442),899,312,185,94.05,0.0,0.0,3814813,51423,3519,3519,219559,375,312,297,4373,3966,36.0,7.14,-100.0,-1,-1,14,298,0,0,0,0
chicken1_DAS_maxbin_003_fasta_contigs-contigs.fa,o__Clostridiales (UID1212),172,261,147,40.01,6.09,0.0,1841718,17028,1761,1761,48209,381,306,296,1740,1681,37.3,5.73,-100.0,-1,-1,125,122,9,5,0,0
chicken1_DAS_maxbin_004_fasta_contigs-contigs.fa,k__Bacteria (UID203),5449,102,56,33.93,8.85,12.0,1514456,14499,1562,1562,47857,359,282,273,2179,2067,37.8,6.35,-100.0,-1,-1,46,31,25,0,0,0
chicken1_DAS_maxbin_006_fasta_contigs-contigs.fa,k__Bacteria (UID203),5449,104,58,91.08,30.38,72.41,3791763,46385,3880,3880,24520,361,291,279,2841,2639,40.5,6.31,-100.0,-1,-1,11,70,20,3,0,0
chicken1_DAS_maxbin_007_fasta_contigs-contigs.fa,f__Lachnospiraceae (UID1255),90,354,174,81.08,9.11,72.97,4867209,54807,5053,5053,5939,361,289,278,1604,1566,41.2,5.94,-100.0,-1,-1,58,263,31,2,0,0
chicken1_DAS_maxbin_008_fasta_contigs-contigs.fa,o__Clostridiales (UID1212),172,257,149,77.19,6.82,47.06,2589054,22083,2780,2780,11944,345,273,265,1434,1406,38.6,4.7,-100.0,-1,-1,65,175,17,0,0,0
chicken1_DAS_maxbin_009_fasta_contigs-contigs.fa,o__Clostridiales (UID1212),172,263,149,66.16,5.54,36.36,2361992,21347,2387,2387,15682,368,291,282,3135,2963,39.6,9.21,-100.0,-1,-1,95,157,11,0,0,0
chicken1_DAS_maxbin_010_fasta_contigs-contigs.fa,o__Clostridiales (UID1212),172,263,149,92.62,0.0,0.0,2169643,23555,2214,2214,27165,360,286,275,1748,1665,38.6,5.19,-100.0,-1,-1,20,243,0,0,0,0
chicken1_DAS_maxbin_012_fasta_contigs-contigs.fa,o__Clostridiales (UID1212),172,263,149,73.42,2.4,20.0,1331068,26261,1329,1329,54723,370,294,275,1998,1855,38.6,4.79,-100.0,-1,-1,56,202,5,0,0,0
chicken1_DAS_maxbin_013_fasta_contigs-contigs.fa,f__Enterobacteriaceae (UID5162),88,1207,328,73.29,0.57,40.0,2932110,33306,2872,2872,20613,368,302,291,1617,1506,36.3,7.24,-100.0,-1,-1,259,943,5,0,0,0
chicken1_DAS_maxbin_015_fasta_contigs-contigs.fa,o__Clostridiales (UID1212),172,263,149,85.17,4.87,28.57,2695346,27582,2665,2665,25376,363,287,277,3401,3285,39.1,5.7,-100.0,-1,-1,29,222,11,1,0,0
chicken1_DAS_maxbin_016_fasta_contigs-contigs.fa,o__Clostridiales (UID1212),172,257,149,85.32,12.26,25.81,3419220,31927,3524,3524,9904,349,275,266,2736,2599,39.0,6.63,-100.0,-1,-1,37,196,22,1,1,0
chicken1_DAS_maxbin_017_fasta_contigs-contigs.fa,o__Clostridiales (UID1212),172,263,149,94.46,5.74,13.04,2695461,39670,2492,2492,58994,387,323,307,2617,2441,40.1,6.27,-100.0,-1,-1,10,232,20,1,0,0
chicken1_DAS_maxbin_018_fasta_contigs-contigs.fa,o__Clostridiales (UID1212),172,263,149,93.96,0.67,0.0,2606398,43849,2454,2454,72729,378,305,288,3009,2787,40.1,6.2,-100.0,-1,-1,12,250,1,0,0,0
chicken1_DAS_maxbin_019_fasta_contigs-contigs.fa,o__Clostridiales (UID1212),172,263,149,56.98,5.34,13.64,1700953,31380,1892,1892,64056,343,265,248,3315,3072,38.4,7.21,-100.0,-1,-1,86,164,10,2,1,0
chicken1_DAS_maxbin_021_fasta_contigs-contigs.fa,o__Clostridiales (UID1212),172,263,149,79.68,1.34,0.0,2207543,30511,2175,2175,84110,358,294,280,2584,2415,39.9,5.73,-100.0,-1,-1,46,215,2,0,0,0
chicken1_DAS_maxbin_023_fasta_contigs-contigs.fa,k__Bacteria (UID2372),131,177,106,95.75,2.02,0.0,2455186,36231,2671,2671,22674,342,276,263,2574,2418,40.8,7.21,-100.0,-1,-1,7,167,3,0,0,0
chicken1_DAS_maxbin_024_fasta_contigs-contigs.fa,o__Clostridiales (UID1212),172,261,147,80.95,3.4,20.0,2166808,19912,2046,2046,58967,378,312,303,2512,2307,37.4,4.69,-100.0,-1,-1,42,214,5,0,0,0
chicken1_DAS_maxbin_026_fasta_contigs-contigs.fa,f__Lachnospiraceae (UID1256),33,333,171,87.42,16.98,27.59,4229834,49718,4393,4393,31712,369,291,279,2108,2013,40.7,5.74,-100.0,-1,-1,39,252,34,8,0,0
chicken1_DAS_maxbin_028_fasta_contigs-contigs.fa,o__Lactobacillales (UID544),293,475,267,95.88,1.12,16.67,3010924,40778,2948,2948,148807,365,300,287,1974,1887,34.7,6.17,-100.0,-1,-1,13,456,6,0,0,0
chicken1_DAS_maxbin_029_fasta_contigs-contigs.fa,o__Clostridiales (UID1226),155,278,158,89.56,11.29,3.7,4132637,48969,4266,4266,45203,370,289,278,2903,2772,41.0,4.09,-100.0,-1,-1,27,230,18,3,0,0
chicken1_DAS_maxbin_031_fasta_contigs-contigs.fa,o__Clostridiales (UID1212),172,257,149,73.78,14.21,17.95,2852769,26151,2852,2852,23953,364,289,280,2393,2352,39.1,6.24,-100.0,-1,-1,54,168,33,2,0,0
chicken1_DAS_maxbin_032_fasta_contigs-contigs.fa,k__Bacteria (UID203),5449,104,58,72.41,27.17,19.35,3066341,31410,3264,3264,17414,357,282,272,2150,2054,39.8,4.43,-100.0,-1,-1,18,51,28,4,2,1
chicken1_DAS_maxbin_033_fasta_contigs-contigs.fa,o__Clostridiales (UID1212),172,257,149,88.14,10.74,37.04,3288583,30147,3312,3312,31719,361,294,285,2748,2582,39.0,5.28,-100.0,-1,-1,31,199,27,0,0,0
chicken1_DAS_maxbin_034_fasta_contigs-contigs.fa,k__Bacteria (UID203),5449,98,58,87.93,9.51,15.38,2443052,22027,2463,2463,15448,362,289,280,2204,2047,37.4,5.99,-100.0,-1,-1,7,65,26,0,0,0
chicken1_DAS_maxbin_035_fasta_contigs-contigs.fa,k__Bacteria (UID203),5449,103,57,92.98,11.74,48.48,3530712,42371,3303,3303,85765,393,321,308,4281,4113,41.4,4.65,-100.0,-1,-1,5,69,27,2,0,0
chicken1_DAS_maxbin_036_fasta_contigs-contigs.fa,o__Clostridiales (UID1212),172,263,149,75.83,6.94,76.92,2350787,20025,2618,2618,7499,333,264,257,2231,2137,37.7,6.58,-100.0,-1,-1,86,164,13,0,0,0
chicken1_DAS_maxbin_037_fasta_contigs-contigs.fa,o__Clostridiales (UID1212),172,263,149,90.27,4.05,0.0,2812731,28335,2820,2820,44900,369,298,288,3109,2947,38.5,5.36,-100.0,-1,-1,17,239,7,0,0,0
chicken1_DAS_maxbin_038_fasta_contigs-contigs.fa,o__Clostridiales (UID1226),155,278,158,91.75,1.58,0.0,3959781,46604,3893,3893,47836,380,307,295,2811,2668,40.7,5.17,-100.0,-1,-1,17,257,4,0,0,0
chicken1_DAS_maxbin_041_fasta_contigs-contigs.fa,k__Bacteria (UID203),5449,104,58,100.0,33.35,0.0,2800211,31597,2824,2824,83418,363,291,280,2196,2116,38.5,6.2,-100.0,-1,-1,0,75,23,6,0,0
chicken1_DAS_maxbin_043_fasta_contigs-contigs.fa,c__Clostridia (UID1118),387,223,124,91.33,3.23,0.0,2888129,37431,2556,2556,126388,415,338,324,2944,2792,40.0,6.7,-100.0,-1,-1,18,200,5,0,0,0
chicken1_DAS_maxbin_044_fasta_contigs-contigs.fa,p__Actinobacteria (UID2112),31,211,124,21.58,0.09,100.0,1425334,11698,1206,1206,22178,425,329,320,9817,9450,37.6,5.75,-100.0,-1,-1,150,60,1,0,0,0
chicken1_DAS_maxbin_045_fasta_contigs-contigs.fa,o__Clostridiales (UID1212),172,263,149,97.99,48.99,0.0,4413919,43989,4190,4190,65660,386,311,300,3597,3348,38.5,5.72,-100.0,-1,-1,5,177,59,22,0,0
chicken1_DAS_maxbin_046_fasta_contigs-contigs.fa,o__Clostridiales (UID1226),155,278,158,95.44,0.63,0.0,3574685,40394,3313,3313,76770,393,323,311,5700,5434,41.0,6.36,-100.0,-1,-1,12,265,1,0,0,0
chicken1_DAS_maxbin_047_fasta_contigs-contigs.fa,p__Actinobacteria (UID2112),31,211,124,70.78,2.76,57.14,1752730,11257,1599,1599,18603,385,310,303,2192,2140,36.0,4.95,-100.0,-1,-1,78,126,7,0,0,0
chicken1_DAS_maxbin_050_fasta_contigs-contigs.fa,o__Clostridiales (UID1226),155,278,158,80.34,8.97,4.55,3467011,37217,3317,3317,31949,371,308,297,3565,3435,40.1,5.32,-100.0,-1,-1,53,205,19,1,0,0
chicken1_DAS_maxbin_051_fasta_sub_contigs-contigs.fa,f__Lachnospiraceae (UID1256),33,333,171,85.11,23.34,7.14,3844650,46151,3896,3896,34684,371,295,283,3032,2914,40.8,5.34,-100.0,-1,-1,61,212,55,5,0,0
chicken1_DAS_maxbin_052_fasta_contigs-contigs.fa,f__Lachnospiraceae (UID1256),33,333,171,89.47,3.81,18.75,3714050,43105,4018,4018,14353,352,278,267,2366,2196,40.6,5.7,-100.0,-1,-1,24,293,16,0,0,0
chicken1_DAS_maxbin_053_fasta_contigs-contigs.fa,o__Lactobacillales (UID544),293,473,265,98.11,0.75,0.0,3861466,47896,3922,3922,112747,350,286,273,2725,2591,34.0,6.36,-100.0,-1,-1,8,463,2,0,0,0
chicken1_DAS_maxbin_055_fasta_sub_contigs-contigs.fa,f__Lachnospiraceae (UID1256),33,333,171,93.86,22.99,20.0,3588031,40269,3368,3368,43370,399,317,305,2563,2484,39.8,6.68,-100.0,-1,-1,41,246,38,7,1,0
chicken1_DAS_maxbin_056_fasta_contigs-contigs.fa,o__Clostridiales (UID1226),155,278,158,90.55,6.21,0.0,2971324,30657,2714,2714,46536,386,316,305,5023,4839,41.3,4.41,-100.0,-1,-1,51,202,25,0,0,0
chicken1_DAS_maxbin_059_fasta_contigs-contigs.fa,o__Clostridiales (UID1226),155,278,158,94.94,1.42,0.0,3815051,42633,3620,3620,46830,384,311,299,6138,5790,40.9,6.14,-100.0,-1,-1,15,259,4,0,0,0
chicken1_DAS_maxbin_061_fasta_contigs-contigs.fa,f__Lachnospiraceae (UID1256),33,333,171,88.51,5.71,66.67,3249657,37083,3148,3148,14441,388,309,297,2999,2840,40.2,6.13,-100.0,-1,-1,33,275,24,1,0,0
chicken1_DAS_maxbin_062_fasta_contigs-contigs.fa,k__Bacteria (UID2372),131,177,106,98.11,16.04,4.17,3343188,63723,3393,3393,24703,358,292,273,3603,3353,40.0,7.95,-100.0,-1,-1,2,153,21,1,0,0
chicken1_DAS_maxbin_063_fasta_contigs-contigs.fa,o__Clostridiales (UID1212),172,257,149,78.63,12.89,61.29,2915722,26782,3074,3074,11967,362,282,274,3365,3261,38.0,7.17,-100.0,-1,-1,62,166,28,1,0,0
chicken1_DAS_maxbin_065_fasta_contigs-contigs.fa,f__Xanthomonadaceae (UID4214),55,659,290,97.07,1.5,0.0,4808589,37960,4467,4467,80196,396,320,312,4128,3980,34.6,5.52,-100.0,-1,-1,13,639,7,0,0,0
chicken1_DAS_maxbin_066_fasta_contigs-contigs.fa,o__Clostridiales (UID1212),172,263,149,91.95,1.23,0.0,2931548,29617,2694,2694,52838,398,325,314,1961,1888,40.4,6.03,-100.0,-1,-1,14,246,3,0,0,0
chicken1_DAS_maxbin_067_fasta_contigs-contigs.fa,o__Clostridiales (UID1212),172,263,149,91.28,29.97,1.16,3386735,30794,3389,3389,63383,361,292,283,2955,2868,38.5,5.81,-100.0,-1,-1,16,179,62,4,2,0
chicken1_DAS_maxbin_068_fasta_contigs-contigs.fa,o__Clostridiales (UID1212),172,257,149,84.03,14.08,16.67,2828389,23838,2681,2681,42848,379,307,298,2038,1958,38.7,5.68,-100.0,-1,-1,38,192,21,5,1,0
chicken1_DAS_maxbin_069_fasta_sub_contigs-contigs.fa,o__Clostridiales (UID1212),172,263,149,69.67,6.38,0.0,2020001,28782,2098,2098,63012,347,282,268,2195,2074,39.6,4.51,-100.0,-1,-1,78,171,14,0,0,0
chicken1_DAS_maxbin_070_fasta_contigs-contigs.fa,f__Moraxellaceae (UID4680),86,689,365,100.0,0.0,0.0,3909787,50984,3738,3738,112852,369,306,293,3290,3020,35.3,6.08,-100.0,-1,-1,0,689,0,0,0,0
chicken1_DAS_maxbin_071_fasta_sub_contigs-contigs.fa,o__Clostridiales (UID1226),155,278,158,88.29,40.19,5.41,5451068,59892,5668,5668,17875,368,287,276,4255,4059,40.7,5.99,-100.0,-1,-1,51,154,49,15,9,0
chicken1_DAS_maxbin_072_fasta_contigs-contigs.fa,o__Clostridiales (UID1226),155,278,158,80.8,0.08,0.0,2182821,20725,1971,1971,96267,395,333,322,4526,4388,40.2,4.45,-100.0,-1,-1,49,225,4,0,0,0
chicken1_DAS_maxbin_073_fasta_contigs-contigs.fa,o__Clostridiales (UID1212),172,263,149,97.99,2.77,0.0,3786821,57175,3639,3640,28429,384,305,290,2888,2744,38.5,5.56,-100.0,-1,-1,3,250,10,0,0,0
chicken1_DAS_maxbin_074_fasta_sub_contigs-contigs.fa,c__Clostridia (UID1118),387,223,124,71.34,5.27,0.0,2603787,32985,2366,2366,42073,411,325,311,5678,5432,39.3,5.39,-100.0,-1,-1,56,156,11,0,0,0
chicken1_DAS_maxbin_075_fasta_contigs-contigs.fa,f__Lachnospiraceae (UID1256),33,333,171,83.67,11.0,24.14,2897438,34075,2687,2687,22121,394,319,306,2298,2163,39.8,7.31,-100.0,-1,-1,64,240,29,0,0,0
chicken1_DAS_maxbin_076_fasta_contigs-contigs.fa,f__Lachnospiraceae (UID1256),33,333,171,94.98,9.31,27.27,4752297,57219,4753,4753,28169,375,298,286,6094,5768,40.3,6.17,-100.0,-1,-1,16,290,24,3,0,0
chicken1_DAS_maxbin_077_fasta_contigs-contigs.fa,c__Clostridia (UID1118),387,223,124,89.92,17.93,13.33,2427218,25953,2218,2218,58715,402,323,311,4480,4275,38.9,5.49,-100.0,-1,-1,19,178,24,2,0,0
chicken1_DAS_maxbin_078_fasta_contigs-contigs.fa,f__Lachnospiraceae (UID1256),33,333,171,94.07,33.23,49.09,4812180,55742,4768,4768,14470,368,292,280,2134,1988,40.8,5.73,-100.0,-1,-1,34,199,95,5,0,0
chicken1_DAS_maxbin_079_fasta_contigs-contigs.fa,o__Lactobacillales (UID544),293,475,267,95.19,0.0,0.0,2242110,28118,2205,2205,40467,360,291,279,1451,1398,35.9,6.0,-100.0,-1,-1,21,454,0,0,0,0
chicken1_DAS_maxbin_080_fasta_contigs-contigs.fa,o__Clostridiales (UID1226),155,278,158,93.66,3.17,36.36,3759100,40246,3664,3664,21222,377,309,298,4218,4096,40.6,5.53,-100.0,-1,-1,24,243,11,0,0,0
chicken1_DAS_maxbin_081_fasta_contigs-contigs.fa,f__Lachnospiraceae (UID1256),33,333,171,84.48,6.84,48.39,2599325,27079,2729,2729,13107,363,290,280,2293,2149,40.9,6.5,-100.0,-1,-1,42,264,25,2,0,0
chicken1_DAS_maxbin_082_fasta_contigs-contigs.fa,o__Clostridiales (UID1212),172,257,149,87.14,12.38,36.84,3529722,32612,3685,3685,22254,368,287,278,3721,3547,38.5,4.2,-100.0,-1,-1,41,182,32,2,0,0
chicken1_DAS_maxbin_083_fasta_sub_contigs-contigs.fa,o__Clostridiales (UID1212),172,263,149,87.78,27.17,2.82,3695237,35056,3873,3873,35362,354,283,274,3365,3215,37.8,6.92,-100.0,-1,-1,28,179,50,5,1,0
chicken1_DAS_maxbin_084_fasta_contigs-contigs.fa,o__Clostridiales (UID1226),155,278,158,95.57,0.06,0.0,3212510,36459,3056,3056,122732,384,319,307,5362,5126,40.6,5.72,-100.0,-1,-1,7,268,3,0,0,0
chicken1_DAS_maxbin_085_fasta_contigs-contigs.fa,f__Lachnospiraceae (UID1256),33,333,171,72.69,5.75,31.58,2135527,20618,2297,2297,11449,354,281,272,1899,1800,41.3,3.68,-100.0,-1,-1,83,235,13,2,0,0
chicken1_DAS_maxbin_086_fasta_contigs-contigs.fa,o__Clostridiales (UID1226),155,274,157,94.19,5.5,46.67,3912374,44463,3802,3802,28371,385,308,297,2302,2185,40.5,6.32,-100.0,-1,-1,16,243,15,0,0,0
chicken1_DAS_maxbin_088_fasta_contigs-contigs.fa,o__Clostridiales (UID1120),304,247,141,97.87,4.96,0.0,2980965,34472,2983,2983,55452,360,295,283,3392,3208,41.0,4.7,-100.0,-1,-1,6,235,5,1,0,0
chicken1_DAS_maxbin_089_fasta_contigs-contigs.fa,k__Bacteria (UID203),5449,104,58,90.05,45.44,30.91,3134523,28825,3481,3481,6926,336,265,257,2499,2410,37.0,4.78,-100.0,-1,-1,10,45,46,3,0,0
chicken1_DAS_maxbin_090_fasta_contigs-contigs.fa,o__Clostridiales (UID1212),172,261,147,93.2,2.04,0.0,3383751,32459,3220,3220,90664,381,308,298,3197,3001,37.6,5.68,-100.0,-1,-1,15,243,3,0,0,0
chicken1_DAS_maxbin_092_fasta_contigs-contigs.fa,o__Clostridiales (UID1226),155,278,158,85.02,2.96,18.75,3154206,34169,3137,3137,29480,370,300,289,4420,4217,40.2,5.03,-100.0,-1,-1,48,214,16,0,0,0
chicken1_DAS_maxbin_093_fasta_contigs-contigs.fa,o__Clostridiales (UID1120),304,247,141,93.26,21.63,0.0,3728690,49187,3842,3842,41768,368,289,276,2944,2769,40.8,5.73,-100.0,-1,-1,13,189,44,1,0,0
chicken1_DAS_maxbin_094_fasta_contigs-contigs.fa,k__Bacteria (UID203),5449,103,57,94.58,13.97,18.52,5413842,66244,5437,5437,17652,374,292,280,4294,4063,41.7,6.16,-100.0,-1,-1,4,72,27,0,0,0
chicken1_DAS_maxbin_095_fasta_contigs-contigs.fa,p__Actinobacteria (UID2112),31,211,124,92.2,20.07,23.68,3959901,30568,3590,3590,59414,410,322,314,3812,3590,36.9,5.23,-100.0,-1,-1,14,167,26,4,0,0
chicken1_DAS_maxbin_096_fasta_contigs-contigs.fa,o__Clostridiales (UID1212),172,263,149,98.66,0.67,0.0,2747919,25285,2553,2553,103968,379,319,309,10093,9578,41.9,4.78,-100.0,-1,-1,4,258,1,0,0,0
chicken1_DAS_maxbin_099_fasta_contigs-contigs.fa,o__Clostridiales (UID1212),172,263,149,80.54,2.01,25.0,3445314,40967,3401,3401,50802,384,296,284,2256,2090,39.9,6.68,-100.0,-1,-1,44,215,4,0,0,0
chicken1_DAS_maxbin_101_fasta_contigs-contigs.fa,o__Clostridiales (UID1226),155,278,158,95.99,2.15,40.0,2622118,29082,2546,2546,33278,381,309,298,3776,3660,40.7,4.22,-100.0,-1,-1,9,264,5,0,0,0
chicken1_DAS_maxbin_102_fasta_contigs-contigs.fa,o__Clostridiales (UID1212),172,263,149,92.01,28.52,42.19,3721607,36727,3793,3793,34364,364,289,279,2509,2369,39.5,6.47,-100.0,-1,-1,27,176,58,2,0,0
chicken1_DAS_maxbin_103_fasta_contigs-contigs.fa,o__Clostridiales (UID1212),172,263,149,89.22,0.67,0.0,2922198,33639,2708,2708,71495,395,317,304,2665,2510,40.1,5.97,-100.0,-1,-1,33,229,1,0,0,0
chicken1_DAS_maxbin_105_fasta_contigs-contigs.fa,o__Clostridiales (UID1212),172,263,149,92.28,1.4,0.0,2463080,27532,2239,2239,56196,403,321,309,2733,2538,40.2,5.97,-100.0,-1,-1,14,246,3,0,0,0
chicken1_DAS_maxbin_106_fasta_sub_contigs-contigs.fa,k__Bacteria (UID203),5449,103,57,51.91,15.79,0.0,5554951,66383,5845,5845,19522,353,281,269,2148,2025,40.7,6.04,-100.0,-1,-1,66,28,8,1,0,0
chicken1_DAS_maxbin_107_fasta_contigs-contigs.fa,o__Clostridiales (UID1226),155,278,158,93.04,0.65,50.0,2321775,26956,2300,2301,90574,369,310,298,2906,2777,42.0,5.03,-100.0,-1,-1,13,263,2,0,0,0
chicken1_DAS_maxbin_108_fasta_contigs-contigs.fa,o__Clostridiales (UID1212),172,263,149,40.0,5.37,8.33,1715669,18354,1856,1856,18739,357,266,256,1872,1732,38.8,4.91,-100.0,-1,-1,148,103,12,0,0,0
chicken1_DAS_maxbin_110_fasta_contigs-contigs.fa,o__Clostridiales (UID1212),172,263,149,91.28,4.7,0.0,3686105,51270,3647,3647,53126,377,293,279,3784,3636,39.9,5.18,-100.0,-1,-1,17,235,11,0,0,0
chicken1_DAS_maxbin_112_fasta_contigs-contigs.fa,f__Lachnospiraceae (UID1255),90,354,174,94.78,2.03,16.67,4036774,44330,3853,3853,65442,392,317,305,1875,1761,41.5,6.07,-100.0,-1,-1,21,327,6,0,0,0
chicken1_DAS_maxbin_113_fasta_contigs-contigs.fa,o__Clostridiales (UID1212),172,263,149,76.3,1.57,33.33,2262265,26655,2191,2191,18108,368,306,294,2561,2429,40.6,5.76,-100.0,-1,-1,98,162,3,0,0,0
chicken1_DAS_maxbin_114_fasta_contigs-contigs.fa,o__Clostridiales (UID1212),172,261,147,81.63,6.58,0.0,2156987,17871,2006,2006,60554,384,315,306,2141,2077,35.9,6.19,-100.0,-1,-1,36,209,16,0,0,0
chicken1_DAS_maxbin_115_fasta_contigs-contigs.fa,f__Lachnospiraceae (UID1256),33,333,171,84.79,13.01,43.33,3193020,39273,3217,3217,17796,373,297,285,1928,1790,40.7,7.39,-100.0,-1,-1,66,237,30,0,0,0
chicken1_DAS_maxbin_116_fasta_contigs-contigs.fa,o__Clostridiales (UID1212),172,263,149,77.63,3.02,12.5,2334914,18249,2223,2223,143009,361,300,292,2011,1941,41.0,5.13,-100.0,-1,-1,60,197,5,1,0,0
chicken1_DAS_maxbin_119_fasta_contigs-contigs.fa,o__Clostridiales (UID1226),155,278,158,82.44,1.34,40.0,2920739,32469,2745,2745,73626,380,317,305,4960,4719,40.9,6.04,-100.0,-1,-1,45,228,5,0,0,0
chicken1_DAS_maxbin_120_fasta_contigs-contigs.fa,o__Clostridiales (UID1120),304,247,141,93.97,1.06,0.0,2330960,25998,2310,2310,54599,375,300,288,1862,1744,40.8,5.73,-100.0,-1,-1,10,235,2,0,0,0
chicken1_DAS_maxbin_121_fasta_sub_contigs-contigs.fa,o__Clostridiales (UID1212),172,263,149,70.18,26.17,2.7,2037940,17450,2103,2103,69470,360,288,279,1681,1640,39.5,7.53,-100.0,-1,-1,69,130,59,5,0,0
chicken1_DAS_maxbin_122_fasta_contigs-contigs.fa,o__Clostridiales (UID1212),172,263,149,50.67,5.5,0.0,3141143,38067,3418,3418,20584,360,270,258,2074,1960,39.0,6.64,-100.0,-1,-1,112,139,12,0,0,0
chicken1_DAS_maxbin_123_fasta_sub_contigs-contigs.fa,o__Clostridiales (UID1226),155,278,158,50.28,8.88,0.0,3191274,38898,3284,3284,25203,360,287,276,5526,5168,39.6,7.64,-100.0,-1,-1,145,110,22,1,0,0
chicken1_DAS_maxbin_124_fasta_contigs-contigs.fa,c__Clostridia (UID1118),387,223,124,73.45,0.81,0.0,1727189,20812,1572,1572,43731,389,308,295,3833,3644,39.7,3.15,-100.0,-1,-1,55,166,2,0,0,0
chicken1_DAS_maxbin_125_fasta_contigs-contigs.fa,o__Clostridiales (UID1212),172,263,149,86.47,0.06,0.0,2683197,30639,2637,2637,35712,361,290,278,1657,1582,41.1,6.05,-100.0,-1,-1,31,229,3,0,0,0
chicken1_DAS_maxbin_126_fasta_contigs-contigs.fa,k__Bacteria (UID203),5449,104,58,81.9,22.66,11.54,4111312,40220,4021,4021,40021,371,296,286,3812,3633,38.4,6.61,-100.0,-1,-1,12,68,23,1,0,0
chicken1_DAS_maxbin_127_fasta_contigs-contigs.fa,f__Bacillaceae (UID829),128,559,183,98.58,2.05,0.0,5165740,67576,5254,5255,368305,335,271,259,2729,2473,38.4,5.26,-100.0,-1,-1,5,548,5,0,1,0
chicken1_DAS_maxbin_128_fasta_contigs-contigs.fa,c__Clostridia (UID1118),387,223,124,92.34,1.69,0.0,2987357,25406,2723,2723,91970,384,324,314,2752,2703,38.5,5.41,-100.0,-1,-1,13,207,3,0,0,0
chicken1_DAS_maxbin_129_fasta_contigs-contigs.fa,o__Clostridiales (UID1212),172,263,149,23.71,5.37,0.0,635007,7641,590,590,68165,392,316,303,2125,2007,39.8,8.87,-100.0,-1,-1,182,70,11,0,0,0
chicken1_DAS_maxbin_130_fasta_contigs-contigs.fa,o__Clostridiales (UID1226),155,278,158,90.0,0.0,0.0,3104729,32496,2928,2928,23538,385,313,302,2230,2082,41.6,6.31,-100.0,-1,-1,55,223,0,0,0,0
chicken1_DAS_maxbin_131_fasta_contigs-contigs.fa,o__Clostridiales (UID1212),172,263,149,73.85,2.14,33.33,1672831,14002,1765,1765,19417,340,278,270,3362,3210,37.8,5.37,-100.0,-1,-1,64,190,9,0,0,0
chicken1_DAS_maxbin_132_fasta_contigs-contigs.fa,f__Lachnospiraceae (UID1256),33,333,171,88.01,6.45,31.82,3395660,40239,3401,3401,19751,365,292,281,2081,1955,40.5,5.33,-100.0,-1,-1,49,262,22,0,0,0
chicken1_DAS_maxbin_133_fasta_contigs-contigs.fa,o__Clostridiales (UID1212),172,261,147,87.96,9.5,4.0,2301459,19982,2379,2379,11363,358,288,279,2526,2422,37.8,6.85,-100.0,-1,-1,32,204,25,0,0,0
chicken1_DAS_maxbin_134_fasta_contigs-contigs.fa,o__Clostridiales (UID1226),155,278,158,84.81,12.82,3.23,3743391,39594,3751,3751,53754,377,303,292,3653,3442,40.6,5.84,-100.0,-1,-1,40,213,22,3,0,0
chicken1_DAS_maxbin_135_fasta_contigs-contigs.fa,o__Clostridiales (UID1226),155,274,157,74.02,0.8,50.0,2646694,32672,2576,2576,47909,376,306,293,2193,2063,41.9,4.75,-100.0,-1,-1,63,209,2,0,0,0
chicken1_DAS_maxbin_136_fasta_contigs-contigs.fa,o__Clostridiales (UID1226),155,278,158,84.18,15.1,6.82,3049628,32855,3001,3001,21540,378,305,294,3641,3498,40.6,5.28,-100.0,-1,-1,37,197,44,0,0,0
chicken1_DAS_maxbin_137_fasta_contigs-contigs.fa,o__Lactobacillales (UID374),471,349,191,90.05,2.79,0.0,2053413,35463,2032,2032,50334,366,298,281,3875,3606,35.5,8.82,-100.0,-1,-1,26,316,7,0,0,0
chicken1_DAS_maxbin_138_fasta_contigs-contigs.fa,o__Clostridiales (UID1212),172,263,149,77.18,0.47,0.0,1991034,18408,1877,1877,57294,359,298,288,1627,1524,40.6,5.2,-100.0,-1,-1,55,203,5,0,0,0
chicken1_DAS_maxbin_139_fasta_contigs-contigs.fa,f__Lachnospiraceae (UID1255),90,354,174,86.49,5.0,0.0,3017961,32645,2975,2975,39256,385,303,292,2489,2361,40.3,6.43,-100.0,-1,-1,45,294,15,0,0,0
chicken1_DAS_maxbin_140_fasta_contigs-contigs.fa,f__Lachnospiraceae (UID1255),90,354,174,93.68,1.01,50.0,3741855,45599,3644,3644,60723,376,310,297,2254,2109,41.6,6.02,-100.0,-1,-1,13,335,6,0,0,0
chicken1_DAS_maxbin_141_fasta_contigs-contigs.fa,o__Clostridiales (UID1212),172,263,149,93.96,0.45,0.0,2578552,26637,2496,2496,58292,374,304,294,3302,3089,40.4,4.83,-100.0,-1,-1,10,251,2,0,0,0
chicken1_DAS_maxbin_142_fasta_contigs-contigs.fa,c__Clostridia (UID1118),387,223,124,89.52,11.81,13.33,2639623,31397,2435,2435,65544,399,323,310,4754,4499,39.5,5.63,-100.0,-1,-1,16,179,27,1,0,0
chicken1_DAS_maxbin_143_fasta_contigs-contigs.fa,o__Clostridiales (UID1212),172,263,149,86.58,0.89,0.0,2790886,29402,2589,2589,96940,367,308,297,1599,1513,39.7,5.9,-100.0,-1,-1,27,233,3,0,0,0
chicken1_DAS_maxbin_144_fasta_contigs-contigs.fa,o__Clostridiales (UID1212),172,261,147,87.76,14.11,12.9,2636946,24549,2502,2502,34522,380,316,306,8432,8028,37.5,5.65,-100.0,-1,-1,28,202,31,0,0,0
chicken1_DAS_maxbin_145_fasta_contigs-contigs.fa,o__Clostridiales (UID1226),155,278,158,72.07,2.53,25.0,3414455,37393,3050,3050,95907,398,330,318,4170,3924,40.0,6.39,-100.0,-1,-1,77,197,4,0,0,0
chicken1_DAS_maxbin_148_fasta_contigs-contigs.fa,o__Clostridiales (UID1212),172,263,149,100.0,0.1,0.0,2529925,36951,2460,2460,89833,378,312,297,2002,1869,40.0,5.78,-100.0,-1,-1,0,258,5,0,0,0
chicken1_DAS_maxbin_149_fasta_contigs-contigs.fa,f__Lachnospiraceae (UID1256),33,333,171,90.06,11.13,25.58,3186310,35986,3106,3106,24800,383,309,297,2584,2469,40.8,5.49,-100.0,-1,-1,48,250,31,4,0,0
chicken1_DAS_maxbin_150_fasta_contigs-contigs.fa,o__Clostridiales (UID1212),172,263,149,61.86,4.76,61.54,1707117,34893,1930,1930,7232,324,256,238,2787,2523,39.3,6.45,-100.0,-1,-1,101,151,10,1,0,0
chicken1_DAS_maxbin_151_fasta_contigs-contigs.fa,g__Pseudomonas (UID4550),78,1044,368,96.13,3.24,80.0,6426719,59820,5871,5871,54545,387,326,316,4683,4575,35.4,5.55,-100.0,-1,-1,30,984,30,0,0,0
chicken1_DAS_maxbin_152_fasta_contigs-contigs.fa,o__Clostridiales (UID1212),172,263,149,80.98,0.67,0.0,2791399,27431,2541,2541,61656,388,310,299,1886,1793,39.3,4.75,-100.0,-1,-1,44,218,1,0,0,0
chicken1_DAS_maxbin_154_fasta_contigs-contigs.fa,o__Clostridiales (UID1212),172,263,149,90.71,2.19,20.0,1945388,19628,1957,1957,67631,373,299,289,3941,3770,37.4,5.04,-100.0,-1,-1,46,212,5,0,0,0
chicken1_DAS_maxbin_155_fasta_contigs-contigs.fa,o__Clostridiales (UID1212),172,263,149,92.06,3.86,0.0,3206273,31129,3071,3071,58533,388,306,296,3354,3209,38.3,6.31,-100.0,-1,-1,25,230,7,1,0,0
chicken1_DAS_maxbin_156_fasta_contigs-contigs.fa,o__Clostridiales (UID1212),172,263,149,95.39,18.3,12.5,3333853,40713,3885,3885,6335,326,260,249,2994,2814,41.2,5.34,-100.0,-1,-1,20,206,27,5,5,0
chicken1_DAS_maxbin_157_fasta_contigs-contigs.fa,f__Lachnospiraceae (UID1256),33,333,171,87.86,0.58,0.0,2724803,29673,2775,2775,23917,367,299,288,2461,2395,41.0,4.89,-100.0,-1,-1,42,290,1,0,0,0
chicken1_DAS_maxbin_158_fasta_contigs-contigs.fa,o__Clostridiales (UID1212),172,263,149,79.87,10.15,14.81,2382366,23929,2271,2271,51755,388,311,300,2814,2665,40.4,7.19,-100.0,-1,-1,46,192,24,1,0,0
chicken1_DAS_maxbin_160_fasta_contigs-contigs.fa,k__Bacteria (UID2329),174,149,89,78.19,21.17,0.0,5960606,97759,6960,6960,4789,332,249,235,4579,4354,40.6,6.18,-100.0,-1,-1,29,101,12,4,2,1
chicken1_DAS_maxbin_161_fasta_contigs-contigs.fa,o__Clostridiales (UID1226),155,278,158,87.34,11.51,5.71,4819318,54710,4877,4877,24081,370,293,282,2197,2072,41.0,7.01,-100.0,-1,-1,34,213,29,2,0,0
chicken1_DAS_maxbin_162_fasta_contigs-contigs.fa,k__Bacteria (UID2372),131,177,106,58.49,0.0,0.0,1461273,14909,1441,1441,26116,374,303,292,2381,2260,38.8,5.92,-100.0,-1,-1,71,106,0,0,0,0
chicken1_DAS_maxbin_163_fasta_contigs-contigs.fa,o__Clostridiales (UID1226),155,278,158,57.88,14.35,2.63,5795453,81287,6660,6660,4392,338,257,245,3006,2808,39.8,6.6,-100.0,-1,-1,121,127,26,4,0,0
chicken1_DAS_maxbin_164_fasta_contigs-contigs.fa,o__Clostridiales (UID1226),155,278,158,88.86,2.06,25.0,3547089,40457,3465,3465,68306,374,301,290,3719,3598,41.3,4.62,-100.0,-1,-1,24,250,4,0,0,0
chicken1_DAS_maxbin_165_fasta_contigs-contigs.fa,o__Clostridiales (UID1212),172,263,149,95.3,0.0,0.0,2989489,47273,2832,2832,39894,404,317,300,3331,3126,39.2,6.01,-100.0,-1,-1,15,248,0,0,0,0
chicken1_DAS_maxbin_166_fasta_contigs-contigs.fa,o__Clostridiales (UID1212),172,257,149,60.62,4.7,50.0,2424055,20433,2462,2462,15346,365,292,284,2461,2392,38.4,6.38,-100.0,-1,-1,111,134,12,0,0,0
chicken1_DAS_maxbin_168_fasta_contigs-contigs.fa,k__Bacteria (UID203),5449,103,57,87.48,45.61,0.0,3771654,36988,4105,4105,5177,340,276,267,3246,3104,40.0,5.64,-100.0,-1,-1,17,47,38,1,0,0
chicken1_DAS_maxbin_169_fasta_contigs-contigs.fa,f__Lachnospiraceae (UID1256),33,333,171,86.55,0.78,33.33,2711687,32043,2672,2672,77206,375,305,293,2696,2548,41.0,5.85,-100.0,-1,-1,48,282,3,0,0,0
chicken1_DAS_maxbin_171_fasta_contigs-contigs.fa,o__Clostridiales (UID1212),172,263,149,85.63,10.09,0.0,2945243,32531,3302,3302,8623,323,258,248,1846,1729,40.6,8.11,-100.0,-1,-1,67,177,18,1,0,0
chicken1_DAS_maxbin_173_fasta_contigs-contigs.fa,o__Clostridiales (UID1212),172,263,149,89.93,12.08,0.0,3253050,36316,3261,3261,81639,353,285,274,1599,1518,39.7,6.85,-100.0,-1,-1,20,213,30,0,0,0
chicken1_DAS_maxbin_174_fasta_contigs-contigs.fa,g__Lactobacillus (UID377),91,430,154,84.29,7.53,85.0,1688019,27228,1765,1765,13124,347,284,269,1714,1605,34.9,6.02,-100.0,-1,-1,69,326,34,0,1,0
chicken1_DAS_maxbin_179_fasta_contigs-contigs.fa,o__Clostridiales (UID1212),172,263,149,86.93,16.11,0.0,3478845,36067,3360,3360,32391,381,302,292,2571,2436,38.1,6.11,-100.0,-1,-1,36,194,33,0,0,0
chicken1_DAS_maxbin_180_fasta_contigs-contigs.fa,o__Clostridiales (UID1226),155,278,158,91.77,2.74,0.0,3469416,34869,3371,3371,90144,384,307,297,4221,4127,40.1,6.37,-100.0,-1,-1,14,259,5,0,0,0
chicken1_DAS_maxbin_181_fasta_contigs-contigs.fa,o__Clostridiales (UID1212),172,263,149,85.35,0.67,0.0,2006613,20177,1801,1801,64591,411,330,319,4061,3916,39.1,5.89,-100.0,-1,-1,33,229,1,0,0,0
chicken1_DAS_maxbin_182_fasta_contigs-contigs.fa,o__Clostridiales (UID1226),155,278,158,80.14,2.69,28.57,2899813,29786,3094,3094,7412,342,285,275,2457,2325,41.6,6.4,-100.0,-1,-1,79,192,7,0,0,0
chicken1_DAS_maxbin_183_fasta_contigs-contigs.fa,o__Clostridiales (UID1226),155,274,157,82.02,2.6,83.33,3412002,40642,3463,3463,22673,368,297,285,2362,2188,42.1,5.39,-100.0,-1,-1,56,212,6,0,0,0
chicken1_DAS_maxbin_184_fasta_contigs-contigs.fa,o__Clostridiales (UID1212),172,261,147,66.59,19.35,56.41,1897385,17567,2138,2138,5690,341,266,258,1426,1387,37.4,5.32,-100.0,-1,-1,91,136,33,0,1,0
chicken1_DAS_maxbin_185_fasta_contigs-contigs.fa,k__Bacteria (UID203),5449,103,57,83.57,17.25,44.44,4958009,60951,5068,5068,27720,364,289,277,3618,3397,40.5,6.36,-100.0,-1,-1,23,59,9,12,0,0
chicken1_DAS_maxbin_186_fasta_contigs-contigs.fa,o__Clostridiales (UID1212),172,263,149,84.56,37.41,3.09,3208565,30057,3934,3934,3511,310,243,235,1369,1313,39.5,6.28,-100.0,-1,-1,45,142,67,8,1,0
chicken1_DAS_maxbin_187_fasta_contigs-contigs.fa,o__Clostridiales (UID1226),155,278,158,81.92,3.53,40.0,2657334,30066,2627,2627,16554,382,298,286,1797,1731,40.5,5.4,-100.0,-1,-1,33,237,7,1,0,0
chicken1_DAS_maxbin_188_fasta_contigs-contigs.fa,o__Clostridiales (UID1212),172,263,149,71.19,2.01,20.0,1639143,34857,1806,1806,21531,332,269,249,2788,2516,39.8,5.68,-100.0,-1,-1,58,200,5,0,0,0
chicken1_DAS_maxbin_189_fasta_contigs-contigs.fa,o__Clostridiales (UID1226),155,278,158,88.57,6.41,38.89,2845292,31332,2930,2930,14575,366,300,289,3677,3489,40.8,6.75,-100.0,-1,-1,44,218,15,1,0,0
chicken1_DAS_maxbin_191_fasta_contigs-contigs.fa,o__Clostridiales (UID1212),172,263,149,74.14,3.86,60.0,1832202,16927,1788,1788,30087,376,302,293,3171,3011,40.3,8.12,-100.0,-1,-1,83,172,7,1,0,0
chicken1_DAS_maxbin_192_fasta_contigs-contigs.fa,o__Clostridiales (UID1212),172,263,149,90.25,24.84,0.0,2540174,33586,2566,2566,32423,331,268,255,3267,3085,39.9,4.77,-100.0,-1,-1,25,175,63,0,0,0
chicken1_DAS_maxbin_194_fasta_contigs-contigs.fa,o__Clostridiales (UID1226),155,278,158,88.61,3.32,33.33,3975989,45924,3743,3743,53027,381,319,307,6570,6177,40.8,6.72,-100.0,-1,-1,27,245,6,0,0,0
chicken1_DAS_maxbin_195_fasta_contigs-contigs.fa,o__Clostridiales (UID1226),155,278,158,95.17,4.23,21.43,3073236,35900,3017,3017,47595,377,306,294,2200,2045,41.1,6.3,-100.0,-1,-1,31,233,14,0,0,0
chicken1_DAS_maxbin_196_fasta_contigs-contigs.fa,o__Clostridiales (UID1120),304,250,143,77.56,1.79,16.67,1758159,18957,1790,1790,7963,370,297,287,1892,1846,39.3,5.7,-100.0,-1,-1,62,184,3,1,0,0
chicken1_DAS_maxbin_197_fasta_contigs-contigs.fa,k__Bacteria (UID203),5449,103,57,94.74,85.01,17.58,5952040,65528,6214,6214,9286,360,292,282,3273,3115,41.3,5.75,-100.0,-1,-1,3,52,31,14,3,0
chicken1_DAS_maxbin_198_fasta_contigs-contigs.fa,o__Clostridiales (UID1212),172,263,149,67.94,1.68,33.33,2120538,29655,2025,2025,4568,376,297,283,2804,2608,38.7,5.66,-100.0,-1,-1,73,187,3,0,0,0
chicken1_DAS_maxbin_199_fasta_contigs-contigs.fa,o__Clostridiales (UID1226),155,278,158,89.22,3.16,0.0,3396507,37966,3461,3461,8558,366,288,277,2500,2390,40.7,5.36,-100.0,-1,-1,29,243,6,0,0,0
chicken1_DAS_maxbin_201_fasta_contigs-contigs.fa,k__Bacteria (UID203),5449,103,57,33.54,0.0,0.0,980251,10338,1292,1292,2391,292,226,218,1176,1150,42.6,1.01,-100.0,-1,-1,75,28,0,0,0,0
chicken1_DAS_maxbin_202_fasta_contigs-contigs.fa,o__Lactobacillales (UID355),490,327,182,80.22,1.37,0.0,1577315,21640,1506,1506,63792,353,299,284,1718,1634,33.1,6.43,-100.0,-1,-1,51,273,3,0,0,0
chicken1_DAS_maxbin_206_fasta_contigs-contigs.fa,o__Clostridiales (UID1212),172,261,147,68.71,0.72,19.05,2549890,26159,2495,2495,52446,382,306,296,3010,2863,36.8,5.59,-100.0,-1,-1,66,178,15,2,0,0
chicken1_DAS_maxbin_207_fasta_contigs-contigs.fa,o__Clostridiales (UID1226),155,278,158,96.04,0.0,0.0,3344681,36671,3188,3188,57888,378,314,302,4120,4001,40.7,5.01,-100.0,-1,-1,7,271,0,0,0,0
chicken1_DAS_maxbin_209_fasta_contigs-contigs.fa,o__Clostridiales (UID1226),155,278,158,96.66,0.76,0.0,3621285,41345,3544,3544,18847,367,308,296,4239,4045,41.6,4.83,-100.0,-1,-1,19,256,3,0,0,0
chicken1_DAS_maxbin_210_fasta_contigs-contigs.fa,o__Clostridiales (UID1212),172,263,149,85.4,6.48,11.11,1876942,18230,1956,1956,10028,353,285,276,1156,1131,37.2,6.35,-100.0,-1,-1,34,211,18,0,0,0
chicken1_DAS_maxbin_211_fasta_contigs-contigs.fa,o__Clostridiales (UID1212),172,263,149,30.16,4.36,0.0,2519119,27795,2700,2700,8624,356,268,258,3287,3069,36.9,6.04,-100.0,-1,-1,168,87,8,0,0,0
chicken1_DAS_maxbin_213_fasta_contigs-contigs.fa,o__Clostridiales (UID1226),155,278,158,91.61,5.06,10.0,3875859,45419,3813,3813,26124,385,302,291,1968,1871,40.8,6.98,-100.0,-1,-1,38,230,10,0,0,0
chicken1_DAS_maxbin_214_fasta_contigs-contigs.fa,o__Clostridiales (UID1226),155,278,158,90.49,1.58,0.0,3168965,32349,2937,2937,72158,388,317,306,3148,2974,41.2,5.99,-100.0,-1,-1,27,248,3,0,0,0
chicken1_DAS_maxbin_216_fasta_contigs-contigs.fa,c__Clostridia (UID1118),387,223,124,85.7,0.05,0.0,2329980,29702,2078,2078,79424,419,339,325,5285,5081,39.4,5.86,-100.0,-1,-1,49,173,0,1,0,0
chicken1_DAS_maxbin_217_fasta_contigs-contigs.fa,o__Clostridiales (UID1212),172,263,149,75.96,0.29,100.0,1962064,15815,1853,1853,40007,371,303,295,2118,2038,38.8,4.64,-100.0,-1,-1,73,187,3,0,0,0
chicken1_DAS_maxbin_219_fasta_contigs-contigs.fa,k__Bacteria (UID2329),174,149,89,88.2,2.81,0.0,1496489,24265,1585,1585,27963,355,281,265,1536,1468,38.9,6.17,-100.0,-1,-1,12,133,4,0,0,0
chicken1_DAS_maxbin_220_fasta_contigs-contigs.fa,o__Clostridiales (UID1120),304,247,141,84.4,0.71,0.0,2488018,27995,2344,2345,81103,388,319,307,3836,3583,40.4,6.96,-100.0,-1,-1,27,219,1,0,0,0
chicken1_DAS_maxbin_222_fasta_contigs-contigs.fa,o__Clostridiales (UID1212),172,261,147,68.84,2.75,37.5,1717143,14509,1641,1641,21139,370,305,296,1502,1458,37.7,5.57,-100.0,-1,-1,88,165,8,0,0,0
chicken1_DAS_maxbin_225_fasta_contigs-contigs.fa,o__Clostridiales (UID1226),155,278,158,98.5,2.53,16.67,5966103,66919,5630,5630,39291,376,312,300,4152,3997,42.2,6.22,-100.0,-1,-1,4,268,6,0,0,0
chicken1_DAS_maxbin_227_fasta_contigs-contigs.fa,g__Lactobacillus (UID377),91,430,154,85.32,18.2,39.02,2815168,45945,3030,3030,17883,347,273,258,4900,4559,36.0,6.62,-100.0,-1,-1,86,278,58,8,0,0
chicken1_DAS_maxbin_230_fasta_contigs-contigs.fa,o__Clostridiales (UID1226),155,278,158,60.35,31.11,7.32,3426010,39472,3957,3957,4508,325,261,251,2241,2111,41.0,5.04,-100.0,-1,-1,97,114,61,5,1,0
chicken1_DAS_maxbin_232_fasta_contigs-contigs.fa,k__Bacteria (UID203),5449,103,57,23.09,0.0,0.0,1009442,19079,1269,1269,2570,292,239,224,1390,1295,40.0,5.54,-100.0,-1,-1,80,23,0,0,0,0
chicken1_DAS_maxbin_233_fasta_contigs-contigs.fa,k__Bacteria (UID203),5449,103,57,34.13,1.75,0.0,1261857,16079,1547,1547,2888,307,230,220,1201,1159,38.9,3.63,-100.0,-1,-1,74,28,1,0,0,0
chicken1_DAS_maxbin_236_fasta_contigs-contigs.fa,o__Clostridiales (UID1226),155,278,158,34.99,0.73,0.0,2300253,31673,2574,2574,11900,349,259,246,2926,2723,38.8,7.06,-100.0,-1,-1,155,118,5,0,0,0
chicken1_DAS_maxbin_238_fasta_contigs-contigs.fa,o__Clostridiales (UID1226),155,278,158,90.91,54.64,3.48,4675317,50894,4487,4487,26813,383,315,304,2638,2562,41.1,6.51,-100.0,-1,-1,49,120,106,3,0,0
chicken1_DAS_maxbin_239_fasta_contigs-contigs.fa,f__Lachnospiraceae (UID1256),33,333,171,80.19,1.75,14.29,2060690,23717,1962,1962,30576,392,314,302,4134,3913,40.7,5.45,-100.0,-1,-1,79,247,7,0,0,0
chicken1_DAS_maxbin_241_fasta_contigs-contigs.fa,o__Clostridiales (UID1212),172,263,149,80.94,0.82,100.0,1984161,17350,2067,2067,15584,347,283,275,1474,1417,37.1,6.89,-100.0,-1,-1,61,196,4,2,0,0
chicken1_DAS_maxbin_247_fasta_contigs-contigs.fa,k__Bacteria (UID203),5449,104,58,81.58,14.6,42.42,2714058,26654,2800,2800,19944,349,286,276,2271,2140,37.2,6.77,-100.0,-1,-1,24,53,24,3,0,0
chicken1_DAS_maxbin_250_fasta_contigs-contigs.fa,c__Clostridia (UID1085),35,420,196,42.23,11.16,0.0,2804623,32095,3665,3665,2342,294,223,214,1358,1272,38.7,6.84,-100.0,-1,-1,235,146,34,4,1,0
chicken1_DAS_maxbin_252_fasta_contigs-contigs.fa,o__Clostridiales (UID1212),172,263,149,72.15,0.0,0.0,1577927,19596,1524,1524,102703,377,312,299,2404,2328,36.7,5.52,-100.0,-1,-1,62,201,0,0,0,0
chicken1_DAS_maxbin_255_fasta_contigs-contigs.fa,o__Clostridiales (UID1120),304,250,143,74.53,3.79,9.09,2307620,49273,2309,2309,23681,357,283,262,2905,2664,38.6,5.8,-100.0,-1,-1,79,162,8,1,0,0
chicken1_DAS_maxbin_256_fasta_contigs-contigs.fa,c__Clostridia (UID1118),387,223,124,92.34,0.23,50.0,1987119,23883,1860,1860,18160,389,320,308,4976,4735,39.0,6.56,-100.0,-1,-1,17,204,2,0,0,0
chicken1_DAS_maxbin_260_fasta_contigs-contigs.fa,o__Clostridiales (UID1212),172,261,147,6.63,0.0,0.0,664846,6798,765,765,13534,329,256,247,1376,1321,36.6,4.54,-100.0,-1,-1,223,38,0,0,0,0
chicken1_DAS_maxbin_261_fasta_contigs-contigs.fa,o__Clostridiales (UID1226),155,278,158,93.04,5.26,15.38,3092697,36548,3006,3006,79745,378,313,301,2910,2756,41.2,4.95,-100.0,-1,-1,17,248,13,0,0,0
chicken1_DAS_maxbin_263_fasta_contigs-contigs.fa,f__Bacillaceae (UID829),128,559,183,86.22,3.26,0.0,5124213,69085,4969,4969,113318,349,287,273,2018,1885,37.8,6.75,-100.0,-1,-1,43,504,12,0,0,0
chicken1_DAS_maxbin_264_fasta_contigs-contigs.fa,o__Clostridiales (UID1120),304,250,143,58.59,31.11,8.75,4095870,39167,4708,4708,5567,338,261,252,2272,2206,36.8,7.42,-100.0,-1,-1,101,99,38,10,2,0
chicken1_DAS_maxbin_266_fasta_contigs-contigs.fa,o__Clostridiales (UID1212),172,263,149,33.41,0.0,0.0,2204424,33325,2584,2584,2485,300,240,227,1400,1325,40.3,2.18,-100.0,-1,-1,172,91,0,0,0,0
chicken1_DAS_maxbin_268_fasta_contigs-contigs.fa,o__Clostridiales (UID1212),172,263,149,52.14,8.26,0.0,1351061,13641,1138,1138,30719,428,346,334,4934,4758,37.6,6.6,-100.0,-1,-1,118,128,16,1,0,0
chicken1_DAS_maxbin_269_fasta_contigs-contigs.fa,k__Bacteria (UID203),5449,103,57,45.94,10.53,16.67,1982482,22268,2140,2140,3891,348,285,275,2765,2596,39.7,4.34,-100.0,-1,-1,67,30,6,0,0,0
chicken1_DAS_maxbin_270_fasta_contigs-contigs.fa,k__Bacteria (UID2329),174,149,89,83.71,18.7,8.33,1929535,47586,2220,2220,14091,317,258,236,1750,1493,40.0,5.13,-100.0,-1,-1,24,107,15,3,0,0
chicken1_DAS_maxbin_276_fasta_contigs-contigs.fa,o__Clostridiales (UID1212),172,263,149,81.68,23.09,2.78,1722691,17766,1892,1892,5988,345,274,264,2206,2078,39.8,5.81,-100.0,-1,-1,39,173,42,8,1,0
chicken1_DAS_maxbin_278_fasta_sub_contigs-contigs.fa,k__Bacteria (UID2329),174,149,89,55.06,21.3,6.52,1140788,24893,1261,1262,9117,356,272,252,1845,1682,38.5,5.76,-100.0,-1,-1,51,60,34,4,0,0
chicken1_DAS_maxbin_279_fasta_contigs-contigs.fa,o__Clostridiales (UID1226),155,278,158,85.26,3.36,18.75,2657117,29847,2584,2584,12471,380,315,304,2081,1983,40.4,5.74,-100.0,-1,-1,57,207,13,1,0,0
chicken1_DAS_maxbin_280_fasta_contigs-contigs.fa,o__Lactobacillales (UID544),293,475,267,91.01,0.75,0.0,1455414,19136,1498,1498,39163,350,287,274,1926,1799,34.0,5.47,-100.0,-1,-1,38,434,3,0,0,0
chicken1_DAS_maxbin_282_fasta_contigs-contigs.fa,c__Clostridia (UID1118),387,223,124,85.74,14.52,3.57,2480036,21402,2525,2525,5906,350,288,280,3246,3057,37.3,5.39,-100.0,-1,-1,32,171,16,4,0,0
chicken1_DAS_maxbin_283_fasta_contigs-contigs.fa,o__Clostridiales (UID1212),172,263,149,85.04,33.8,3.3,2872886,30862,3052,3052,8374,347,279,269,2180,2077,37.2,5.78,-100.0,-1,-1,43,156,52,11,1,0
chicken1_DAS_maxbin_284_fasta_contigs-contigs.fa,g__Bacillus (UID902),44,1171,324,96.93,1.99,9.68,5724854,77270,5816,5816,168314,342,278,265,4961,4760,38.0,8.4,-100.0,-1,-1,36,1108,25,2,0,0
chicken1_DAS_maxbin_290_fasta_contigs-contigs.fa,k__Bacteria (UID1453),901,171,117,91.45,3.13,0.0,2154286,37749,2230,2230,21226,354,293,276,1982,1779,38.1,4.98,-100.0,-1,-1,11,155,5,0,0,0
chicken1_DAS_maxbin_291_fasta_contigs-contigs.fa,c__Clostridia (UID1118),387,223,124,84.85,0.07,100.0,1435960,13199,1331,1331,9526,397,307,298,1687,1611,38.9,5.02,-100.0,-1,-1,26,196,1,0,0,0
chicken1_DAS_maxbin_294_fasta_contigs-contigs.fa,o__Clostridiales (UID1212),172,263,149,47.92,0.04,100.0,865115,13862,693,693,51616,414,336,316,12811,11916,38.4,7.69,-100.0,-1,-1,116,145,2,0,0,0
chicken1_DAS_maxbin_299_fasta_sub_contigs-contigs.fa,o__Lactobacillales (UID355),490,333,183,33.18,1.52,50.0,1203063,19745,1415,1416,3297,320,252,237,2210,2096,34.2,8.87,-100.0,-1,-1,198,119,12,4,0,0
chicken1_DAS_maxbin_301_fasta_contigs-contigs.fa,c__Clostridia (UID1118),387,223,124,76.9,28.16,1.96,1596677,16899,1612,1612,6811,343,279,268,1336,1262,40.7,8.71,-100.0,-1,-1,69,105,48,1,0,0
chicken1_DAS_maxbin_302_fasta_contigs-contigs.fa,c__Clostridia (UID1118),387,223,124,42.53,6.48,15.38,1200064,15675,1193,1193,4403,386,297,284,1752,1661,39.6,5.89,-100.0,-1,-1,114,88,20,0,1,0
chicken1_DAS_maxbin_304_fasta_contigs-contigs.fa,k__Bacteria (UID2495),2993,147,91,89.01,0.0,0.0,1016189,15692,980,980,293956,379,308,292,2267,2124,34.8,6.21,-100.0,-1,-1,10,137,0,0,0,0
chicken1_DAS_maxbin_305_fasta_contigs-contigs.fa,o__Clostridiales (UID1212),172,263,149,91.61,20.45,4.35,3048416,40693,3034,3034,6472,397,304,291,2285,2155,38.8,5.61,-100.0,-1,-1,16,201,46,0,0,0
chicken1_DAS_maxbin_310_fasta_contigs-contigs.fa,o__Clostridiales (UID1120),304,247,141,78.37,0.35,0.0,1519299,19781,1214,1214,76234,426,361,345,7399,6896,39.3,5.01,-100.0,-1,-1,87,159,1,0,0,0
chicken1_DAS_maxbin_311_fasta_contigs-contigs.fa,o__Clostridiales (UID1120),304,247,141,66.52,2.86,20.0,2075727,23192,2463,2463,3134,315,251,241,1502,1428,40.5,9.82,-100.0,-1,-1,85,157,5,0,0,0
chicken1_DAS_maxbin_312_fasta_contigs-contigs.fa,f__Bacillaceae (UID829),128,561,183,86.29,2.94,0.0,4568716,52323,4283,4283,132636,356,287,275,2489,2335,38.6,5.01,-100.0,-1,-1,37,514,9,1,0,0
chicken1_DAS_maxbin_314_fasta_contigs-contigs.fa,p__Bacteroidetes (UID2605),350,314,208,96.63,0.48,0.0,2553731,24346,2235,2235,126442,396,328,317,2393,2312,36.9,4.68,-100.0,-1,-1,10,303,1,0,0,0
chicken1_DAS_maxbin_315_fasta_contigs-contigs.fa,c__Bacilli (UID256),765,274,150,47.68,7.89,10.0,2350551,31908,2985,2985,2447,296,232,221,2195,2091,37.1,4.69,-100.0,-1,-1,136,118,20,0,0,0
chicken1_DAS_maxbin_317_fasta_contigs-contigs.fa,f__Paenibacillaceae (UID973),32,468,170,87.16,1.56,25.0,5472376,58240,5738,5738,4298,327,266,256,2281,2181,38.3,4.99,-100.0,-1,-1,50,410,8,0,0,0
chicken1_DAS_maxbin_318_fasta_contigs-contigs.fa,o__Actinomycetales (UID1815),120,572,265,94.13,0.79,66.67,6529212,47168,6855,6855,10421,355,289,282,3658,3589,34.1,4.08,-100.0,-1,-1,28,541,3,0,0,0
chicken1_DAS_metabat2_116_fa_contigs-contigs.fa,k__Bacteria (UID2329),174,149,89,76.35,2.81,0.0,1035625,21309,1153,1153,15413,328,271,253,1644,1508,38.1,5.89,-100.0,-1,-1,31,115,3,0,0,0
chicken1_DAS_metabat2_150_fa_contigs-contigs.fa,o__Clostridiales (UID1212),172,263,149,72.48,0.0,0.0,1472035,12637,1393,1393,166158,367,308,298,3455,3335,40.1,5.12,-100.0,-1,-1,57,206,0,0,0,0
chicken1_DAS_metabat2_158_fa_contigs-contigs.fa,o__Lactobacillales (UID355),490,336,184,87.47,0.0,0.0,1247546,18376,1265,1265,23611,359,292,277,1444,1383,34.6,4.79,-100.0,-1,-1,77,259,0,0,0,0
chicken1_DAS_metabat2_167_fa_contigs-contigs.fa,k__Bacteria (UID203),5449,98,58,21.79,0.0,0.0,1238928,11992,1103,1103,48871,409,338,327,2763,2648,38.4,5.43,-100.0,-1,-1,76,22,0,0,0,0
chicken1_DAS_metabat2_170_fa_contigs-contigs.fa,o__Clostridiales (UID1212),172,263,149,58.61,1.72,40.0,1149185,18354,1267,1267,19222,336,272,257,1679,1546,39.0,5.21,-100.0,-1,-1,101,157,5,0,0,0
chicken1_DAS_metabat2_190_fa_contigs-contigs.fa,o__Clostridiales (UID1212),172,263,149,49.43,0.0,0.0,934621,10752,852,852,38671,396,324,312,1231,1178,39.7,7.0,-100.0,-1,-1,141,122,0,0,0,0
chicken1_DAS_metabat2_262_fa_contigs-contigs.fa,o__Clostridiales (UID1226),155,278,158,47.18,0.0,0.0,1290043,14988,1212,1212,70417,388,318,305,1679,1589,41.2,5.91,-100.0,-1,-1,124,154,0,0,0,0
chicken1_DAS_metabat2_282_fa_contigs-contigs.fa,k__Bacteria (UID2329),174,149,89,35.76,0.0,0.0,405290,6815,464,464,8025,322,263,248,1052,996,39.5,0.0,-100.0,-1,-1,96,53,0,0,0,0
chicken1_DAS_metabat2_342_fa_sub_contigs-contigs.fa,o__Clostridiales (UID1120),304,250,143,48.0,8.28,14.29,954441,19577,1054,1054,17016,351,267,249,1569,1442,38.2,6.91,-100.0,-1,-1,135,103,11,1,0,0
chicken1_DAS_metabat2_353_fa_contigs-contigs.fa,o__Clostridiales (UID1226),155,278,158,75.84,1.27,0.0,1994112,20703,1790,1790,73186,394,339,327,2711,2648,40.8,4.54,-100.0,-1,-1,57,219,2,0,0,0
chicken1_DAS_metabat2_396_fa_contigs-contigs.fa,o__Clostridiales (UID1212),172,263,149,17.28,0.0,0.0,386301,3036,383,383,119226,343,293,285,2970,2901,39.4,3.1,-100.0,-1,-1,199,64,0,0,0,0
chicken1_DAS_metabat2_40_fa_contigs-contigs.fa,o__Clostridiales (UID1226),155,278,158,10.07,0.0,0.0,324678,3528,336,336,39634,348,295,284,1207,1169,42.6,6.51,-100.0,-1,-1,228,50,0,0,0,0
chicken1_DAS_metabat2_413_fa_sub_contigs-contigs.fa,k__Bacteria (UID2329),174,149,89,45.51,0.05,100.0,656513,14435,729,729,14226,330,270,250,1345,1271,39.0,8.72,-100.0,-1,-1,71,77,1,0,0,0
chicken1_DAS_metabat2_473_fa_contigs-contigs.fa,f__Lachnospiraceae (UID1256),33,333,171,12.87,0.0,0.0,364181,3955,373,373,40036,337,292,281,1418,1343,41.5,3.05,-100.0,-1,-1,272,61,0,0,0,0
chicken1_DAS_metabat2_475_fa_contigs-contigs.fa,o__Clostridiales (UID1212),172,263,149,24.78,0.0,0.0,379703,4097,353,353,102496,414,325,313,1238,1208,40.0,5.34,-100.0,-1,-1,183,80,0,0,0,0
chicken1_DAS_metabat2_481_fa_sub_contigs-contigs.fa,k__Bacteria (UID203),5449,103,57,63.16,3.51,0.0,1009808,18575,1107,1108,22053,330,279,262,2555,2397,38.8,9.97,-100.0,-1,-1,60,40,3,0,0,0
chicken1_DAS_metabat2_500_fa_contigs-contigs.fa,o__Clostridiales (UID1212),172,257,149,66.11,2.07,60.0,1893096,18143,1852,1852,34279,379,308,298,2507,2372,39.1,5.64,-100.0,-1,-1,100,152,5,0,0,0
chicken1_DAS_metabat2_521_fa_contigs-contigs.fa,o__Clostridiales (UID1120),304,250,143,57.58,0.17,0.0,817969,15574,797,797,76909,387,304,285,2473,2305,38.7,5.61,-100.0,-1,-1,111,138,1,0,0,0
chicken1_DAS_metabat2_540_fa_contigs-contigs.fa,o__Clostridiales (UID1212),172,263,149,12.58,0.0,0.0,235329,2424,222,222,58596,372,303,292,1200,1150,38.5,6.39,-100.0,-1,-1,198,65,0,0,0,0
chicken1_DAS_metabat2_566_fa_contigs-contigs.fa,o__Clostridiales (UID1212),172,263,149,30.2,0.0,0.0,693436,9025,708,708,94631,354,290,277,1282,1222,40.2,7.5,-100.0,-1,-1,154,109,0,0,0,0
chicken1_DAS_metabat2_582_fa_contigs-contigs.fa,o__Clostridiales (UID1212),172,263,149,68.87,1.1,14.29,1175394,19227,1256,1256,18535,348,278,263,2281,2156,38.4,7.27,-100.0,-1,-1,66,190,7,0,0,0
chicken1_DAS_metabat2_58_fa_contigs-contigs.fa,o__Clostridiales (UID1120),304,247,141,45.04,0.0,0.0,1212695,15375,1143,1143,129225,379,315,302,1827,1713,40.8,5.56,-100.0,-1,-1,107,140,0,0,0,0
chicken1_DAS_metabat2_653_fa_contigs-contigs.fa,o__Clostridiales (UID1212),172,263,149,22.15,0.0,0.0,245137,2731,225,225,245137,403,317,305,2096,1993,38.5,3.2,-100.0,-1,-1,184,79,0,0,0,0
chicken1_DAS_metabat2_65_fa_contigs-contigs.fa,o__Clostridiales (UID1212),172,263,149,24.17,0.0,0.0,716863,6244,692,692,158225,365,309,300,3247,3065,38.0,3.7,-100.0,-1,-1,182,81,0,0,0,0
chicken1_concoct_20_refined_2_Bin_0_1-contigs.fa,o__Clostridiales (UID1212),172,263,149,84.29,1.17,66.67,1520044,21665,1618,1618,6217,356,287,274,2498,2296,39.0,5.83,-100.0,-1,-1,61,199,3,0,0,0
chicken1_concoct_20_refined_2_Bin_0_10-contigs.fa,k__Bacteria (UID1453),901,171,117,83.33,1.42,0.0,1911713,33131,2043,2043,20284,350,285,269,1757,1636,37.8,5.46,-100.0,-1,-1,37,131,3,0,0,0
chicken1_concoct_20_refined_2_Bin_0_11_1-contigs.fa,o__Clostridiales (UID1212),172,263,149,72.94,0.79,0.0,1460748,21340,1614,1614,4881,329,266,253,1443,1353,41.3,8.48,-100.0,-1,-1,98,162,3,0,0,0
chicken1_concoct_20_refined_2_Bin_0_12-contigs.fa,o__Clostridiales (UID1212),172,263,149,86.87,2.85,0.0,1595220,19150,1484,1484,19367,395,320,307,2390,2319,39.6,6.01,-100.0,-1,-1,55,199,9,0,0,0
chicken1_concoct_20_refined_2_Bin_0_13_1-contigs.fa,c__Clostridia (UID1118),387,223,124,70.92,5.85,0.0,1358898,15958,1437,1437,5999,334,271,260,1752,1661,40.5,6.58,-100.0,-1,-1,61,150,12,0,0,0
chicken1_concoct_20_refined_2_Bin_0_14-contigs.fa,c__Clostridia (UID1118),387,223,124,52.42,0.81,0.0,850979,11155,738,738,83079,385,314,299,3204,2977,38.2,8.18,-100.0,-1,-1,83,139,1,0,0,0
chicken1_concoct_20_refined_2_Bin_0_3-contigs.fa,p__Bacteroidetes (UID2605),350,314,208,76.44,0.48,0.0,2041158,19200,1731,1731,137150,405,337,326,2393,2312,36.8,4.65,-100.0,-1,-1,67,246,1,0,0,0
chicken1_concoct_20_refined_2_Bin_0_4-contigs.fa,o__Clostridiales (UID1212),172,263,149,80.73,0.34,0.0,1585675,16801,1664,1664,8446,358,288,278,1821,1701,36.4,6.38,-100.0,-1,-1,64,198,1,0,0,0
chicken1_concoct_20_refined_2_Bin_0_5-contigs.fa,o__Clostridiales (UID1120),304,250,143,83.15,1.75,33.33,1306069,13763,1323,1323,8810,374,299,288,2409,2270,40.0,5.39,-100.0,-1,-1,64,183,3,0,0,0
chicken1_concoct_20_refined_2_Bin_0_6_1-contigs.fa,o__Clostridiales (UID1212),172,263,149,52.54,1.44,42.86,927271,15195,982,982,17458,357,283,267,2281,2156,38.3,8.05,-100.0,-1,-1,106,150,7,0,0,0
chicken1_concoct_20_refined_2_Bin_0_7_1-contigs.fa,k__Bacteria (UID2329),174,149,89,75.56,2.25,0.0,981370,20201,1105,1105,17125,320,268,249,1116,1046,38.1,6.54,-100.0,-1,-1,39,108,2,0,0,0
chicken1_concoct_20_refined_2_Bin_0_8_1-contigs.fa,o__Clostridiales (UID1212),172,263,149,60.84,1.57,0.0,1074654,16711,1193,1193,19222,327,270,256,1214,1160,39.5,5.62,-100.0,-1,-1,109,151,3,0,0,0
chicken1_concoct_20_refined_2_Bin_0_9_1-contigs.fa,o__Lactobacillales (UID355),490,336,184,84.65,3.96,12.5,1687130,25375,1855,1855,16588,330,267,254,1444,1383,34.5,4.22,-100.0,-1,-1,40,280,16,0,0,0
chicken1_concoct_20_refined_2_Bin_10_1-contigs.fa,o__Clostridiales (UID1120),304,247,141,66.52,2.86,20.0,2161943,24402,2576,2576,3159,316,250,241,1502,1428,40.4,9.81,-100.0,-1,-1,85,157,5,0,0,0
chicken1_concoct_20_refined_2_Bin_10_2-contigs.fa,o__Clostridiales (UID1212),172,263,149,66.77,2.41,0.0,2156087,29735,2057,2057,4648,372,297,282,2804,2646,38.8,5.76,-100.0,-1,-1,72,186,5,0,0,0
chicken1_concoct_20_refined_2_Bin_10_3-contigs.fa,f__Paenibacillaceae (UID973),32,468,170,88.41,1.56,25.0,5783880,62503,6141,6141,4248,322,262,252,2281,2181,38.4,5.01,-100.0,-1,-1,47,413,8,0,0,0
chicken1_concoct_20_refined_2_Bin_11_10_1-contigs.fa,f__Lachnospiraceae (UID1256),33,333,171,94.1,1.12,80.0,3383170,38999,3177,3177,37571,382,318,306,3327,3169,40.5,5.72,-100.0,-1,-1,16,312,5,0,0,0
chicken1_concoct_20_refined_2_Bin_11_11-contigs.fa,o__Clostridiales (UID1226),155,278,158,92.44,1.11,100.0,2946806,30719,2762,2762,23439,383,322,311,4218,4096,41.0,5.59,-100.0,-1,-1,40,235,3,0,0,0
chicken1_concoct_20_refined_2_Bin_11_12-contigs.fa,f__Lachnospiraceae (UID1256),33,333,171,79.0,3.8,62.5,2128354,22634,2204,2204,16111,371,293,283,2293,2149,41.1,6.77,-100.0,-1,-1,69,256,8,0,0,0
chicken1_concoct_20_refined_2_Bin_11_13-contigs.fa,o__Clostridiales (UID1212),172,263,149,91.95,0.11,0.0,2507500,34589,2366,2366,82246,381,305,291,2026,1866,40.1,4.58,-100.0,-1,-1,14,248,1,0,0,0
chicken1_concoct_20_refined_2_Bin_11_14-contigs.fa,o__Clostridiales (UID1226),155,274,157,89.56,1.75,50.0,3283472,38501,3065,3065,19672,388,318,306,4294,4063,42.4,5.25,-100.0,-1,-1,28,242,4,0,0,0
chicken1_concoct_20_refined_2_Bin_11_15-contigs.fa,o__Clostridiales (UID1212),172,263,149,88.59,1.34,0.0,2966129,30722,2694,2694,96940,369,313,302,1599,1513,39.9,6.03,-100.0,-1,-1,21,239,3,0,0,0
chicken1_concoct_20_refined_2_Bin_11_16_1-contigs.fa,o__Clostridiales (UID1226),155,278,158,97.18,1.11,0.0,4131510,48634,3895,3895,46206,379,312,299,1861,1767,41.3,6.57,-100.0,-1,-1,10,264,4,0,0,0
chicken1_concoct_20_refined_2_Bin_11_1_1-contigs.fa,f__Lachnospiraceae (UID1256),33,333,171,81.29,1.58,30.0,2315620,25682,2360,2360,16994,370,299,288,1503,1447,41.3,3.28,-100.0,-1,-1,47,276,10,0,0,0
chicken1_concoct_20_refined_2_Bin_11_2-contigs.fa,o__Clostridiales (UID1226),155,278,158,93.65,1.27,0.0,2999500,34209,2812,2812,52356,384,323,311,1972,1892,41.0,4.66,-100.0,-1,-1,15,260,3,0,0,0
chicken1_concoct_20_refined_2_Bin_11_3-contigs.fa,f__Lachnospiraceae (UID1256),33,333,171,94.54,2.05,16.67,2589272,30176,2535,2535,40910,376,309,298,2002,1937,41.4,5.44,-100.0,-1,-1,25,302,6,0,0,0
chicken1_concoct_20_refined_2_Bin_11_4_1-contigs.fa,f__Lachnospiraceae (UID1256),33,333,171,84.29,2.19,33.33,2084283,22395,2124,2124,21274,357,299,289,1512,1452,41.5,4.62,-100.0,-1,-1,49,278,6,0,0,0
chicken1_concoct_20_refined_2_Bin_11_5-contigs.fa,o__Clostridiales (UID1226),155,278,158,76.27,1.27,0.0,2446136,28693,2360,2360,57502,374,312,300,2903,2772,41.9,3.5,-100.0,-1,-1,51,224,3,0,0,0
chicken1_concoct_20_refined_2_Bin_11_6-contigs.fa,o__Clostridiales (UID1212),172,263,149,92.91,6.07,81.25,3051522,35536,2895,2895,25935,372,307,295,3448,3311,40.8,5.01,-100.0,-1,-1,34,213,16,0,0,0
chicken1_concoct_20_refined_2_Bin_11_7_1-contigs.fa,o__Clostridiales (UID1226),155,278,158,95.99,1.52,25.0,2280263,24386,2156,2156,34444,384,318,306,3776,3660,40.7,3.51,-100.0,-1,-1,7,267,4,0,0,0
chicken1_concoct_20_refined_2_Bin_11_8_1-contigs.fa,o__Clostridiales (UID1226),155,274,157,98.65,4.54,46.15,3892241,44247,3761,3761,27941,386,310,299,2302,2185,40.5,6.2,-100.0,-1,-1,7,254,13,0,0,0
chicken1_concoct_20_refined_2_Bin_11_9_1-contigs.fa,o__Clostridiales (UID1226),155,278,158,95.57,8.02,9.09,3500598,38266,3369,3369,26449,380,313,302,4255,4059,41.8,5.42,-100.0,-1,-1,8,250,19,1,0,0
chicken1_concoct_20_refined_2_Bin_12_1-contigs.fa,o__Clostridiales (UID1212),172,263,149,64.6,0.67,0.0,2407335,36374,2383,2384,22408,382,297,282,2375,2221,38.1,4.32,-100.0,-1,-1,79,183,1,0,0,0
chicken1_concoct_20_refined_2_Bin_12_10_1-contigs.fa,o__Clostridiales (UID1226),155,278,158,81.88,0.32,50.0,2519543,30099,2418,2418,36204,381,311,299,1858,1769,40.7,6.17,-100.0,-1,-1,59,215,4,0,0,0
chicken1_concoct_20_refined_2_Bin_12_2-contigs.fa,o__Clostridiales (UID1226),155,278,158,58.96,0.06,100.0,1723153,19233,1600,1600,73626,382,320,308,4960,4719,41.1,5.63,-100.0,-1,-1,101,176,1,0,0,0
chicken1_concoct_20_refined_2_Bin_12_3-contigs.fa,o__Clostridiales (UID1212),172,263,149,64.43,0.67,0.0,2297161,24852,2245,2245,41440,371,300,289,3302,3089,40.5,4.35,-100.0,-1,-1,80,182,1,0,0,0
chicken1_concoct_20_refined_2_Bin_12_4_1-contigs.fa,o__Clostridiales (UID1212),172,263,149,85.23,1.34,0.0,2756749,44646,2597,2597,38254,405,318,301,3331,3126,39.1,6.19,-100.0,-1,-1,41,220,2,0,0,0
chicken1_concoct_20_refined_2_Bin_12_5-contigs.fa,f__Lachnospiraceae (UID1256),33,333,171,66.1,0.0,0.0,1609279,16866,1598,1598,21941,364,306,296,1670,1619,40.7,4.33,-100.0,-1,-1,108,225,0,0,0,0
chicken1_concoct_20_refined_2_Bin_12_6_1-contigs.fa,o__Clostridiales (UID1212),172,263,149,78.86,0.67,0.0,2240896,24605,2000,2000,43009,390,323,311,2571,2436,38.3,6.49,-100.0,-1,-1,57,205,1,0,0,0
chicken1_concoct_20_refined_2_Bin_12_7-contigs.fa,o__Clostridiales (UID1226),155,278,158,91.46,1.5,75.0,2891727,31350,2744,2744,29727,379,319,307,3084,3000,41.5,5.31,-100.0,-1,-1,18,256,4,0,0,0
chicken1_concoct_20_refined_2_Bin_12_8_1-contigs.fa,f__Lachnospiraceae (UID1255),90,354,174,78.93,0.0,0.0,2347363,25514,2212,2212,45779,393,318,306,2242,2116,40.9,5.55,-100.0,-1,-1,57,297,0,0,0,0
chicken1_concoct_20_refined_2_Bin_12_9-contigs.fa,o__Clostridiales (UID1226),155,278,158,92.64,1.81,60.0,2725596,30138,2803,2803,17993,366,299,289,3677,3489,41.0,6.02,-100.0,-1,-1,36,237,5,0,0,0
chicken1_concoct_20_refined_2_Bin_13_1-contigs.fa,o__Clostridiales (UID1212),172,261,147,72.36,6.47,6.67,2810653,26222,2622,2622,36158,382,315,305,3311,3127,36.9,6.02,-100.0,-1,-1,64,182,15,0,0,0
chicken1_concoct_20_refined_2_Bin_13_10-contigs.fa,o__Clostridiales (UID1212),172,263,149,76.49,9.08,68.75,2134703,17642,2371,2371,7375,333,264,257,2231,2137,37.7,6.29,-100.0,-1,-1,82,165,16,0,0,0
chicken1_concoct_20_refined_2_Bin_13_2-contigs.fa,f__Lachnospiraceae (UID1256),33,333,171,74.6,0.78,66.67,2497656,29451,2217,2217,23383,406,335,322,2298,2163,39.6,6.84,-100.0,-1,-1,99,231,3,0,0,0
chicken1_concoct_20_refined_2_Bin_13_3_1-contigs.fa,o__Clostridiales (UID1212),172,257,149,90.44,5.09,66.67,2642185,25328,2631,2631,30286,381,301,291,2507,2372,38.9,4.98,-100.0,-1,-1,39,206,12,0,0,0
chicken1_concoct_20_refined_2_Bin_13_4_1-contigs.fa,o__Clostridiales (UID1212),172,257,149,87.63,9.77,47.83,3313559,29756,3283,3283,35392,366,299,290,2748,2582,38.8,5.05,-100.0,-1,-1,38,196,23,0,0,0
chicken1_concoct_20_refined_2_Bin_13_5_1-contigs.fa,o__Clostridiales (UID1212),172,257,149,90.78,7.38,23.08,3358613,33131,3175,3175,47472,401,318,307,4147,3941,38.1,5.48,-100.0,-1,-1,36,210,10,1,0,0
chicken1_concoct_20_refined_2_Bin_13_6-contigs.fa,f__Lachnospiraceae (UID1255),90,354,174,37.59,2.38,62.5,1437789,15383,1542,1542,4813,344,280,270,1260,1223,41.1,5.14,-100.0,-1,-1,205,141,8,0,0,0
chicken1_concoct_20_refined_2_Bin_13_7-contigs.fa,o__Clostridiales (UID1212),172,257,149,74.29,5.08,58.33,2304832,19357,2459,2459,11889,350,275,267,1610,1513,38.6,5.28,-100.0,-1,-1,62,183,12,0,0,0
chicken1_concoct_20_refined_2_Bin_13_8-contigs.fa,p__Actinobacteria (UID2112),31,211,124,96.39,3.66,66.67,3411116,24452,3010,3010,19201,411,318,310,9817,9450,36.7,5.37,-100.0,-1,-1,9,193,9,0,0,0
chicken1_concoct_20_refined_2_Bin_13_9_1-contigs.fa,o__Clostridiales (UID1212),172,263,149,82.55,17.6,0.0,3228709,31009,3207,3207,40310,370,297,288,3109,2947,38.4,5.21,-100.0,-1,-1,34,197,30,1,1,0
chicken1_concoct_20_refined_2_Bin_14_1-contigs.fa,f__Bacillaceae (UID829),128,561,183,87.38,2.94,0.0,4751955,54368,4483,4483,119426,354,284,272,2489,2335,38.6,5.05,-100.0,-1,-1,35,516,9,1,0,0
chicken1_concoct_20_refined_2_Bin_14_2_1-contigs.fa,o__Clostridiales (UID1226),155,278,158,98.5,0.63,0.0,5809948,65072,5477,5477,39086,375,312,300,4152,3997,42.2,6.6,-100.0,-1,-1,4,272,2,0,0,0
chicken1_concoct_20_refined_2_Bin_14_3-contigs.fa,g__Pseudomonas (UID4550),78,1044,368,94.92,2.65,79.17,6347987,58977,5782,5782,54545,387,327,317,4683,4575,35.3,5.56,-100.0,-1,-1,86,934,24,0,0,0
chicken1_concoct_20_refined_2_Bin_14_4-contigs.fa,o__Clostridiales (UID1226),155,274,157,90.83,3.87,75.0,3580739,43289,3625,3625,22366,376,298,286,2362,2188,42.0,6.27,-100.0,-1,-1,36,230,8,0,0,0
chicken1_concoct_20_refined_2_Bin_14_5-contigs.fa,o__Clostridiales (UID1226),155,278,158,86.03,0.63,100.0,2697726,28216,2581,2581,27145,382,318,307,2638,2562,41.2,5.94,-100.0,-1,-1,58,219,1,0,0,0
chicken1_concoct_20_refined_2_Bin_14_7_1-contigs.fa,o__Clostridiales (UID1226),155,278,158,90.74,5.38,7.69,3584790,42104,3428,3428,30122,386,311,299,2428,2278,41.0,6.51,-100.0,-1,-1,53,216,7,2,0,0
chicken1_concoct_20_refined_2_Bin_14_8-contigs.fa,g__Bacillus (UID902),44,1171,324,96.42,0.6,25.0,5619161,75750,5722,5722,168314,342,277,264,4961,4760,38.1,8.49,-100.0,-1,-1,35,1128,6,2,0,0
chicken1_concoct_20_refined_2_Bin_15_1-contigs.fa,f__Lachnospiraceae (UID1256),33,333,171,64.4,2.63,25.0,1509755,14516,1609,1609,12113,351,285,276,1526,1474,41.7,6.47,-100.0,-1,-1,105,220,8,0,0,0
chicken1_concoct_20_refined_2_Bin_15_2-contigs.fa,f__Lachnospiraceae (UID1256),33,333,171,91.22,2.73,25.0,3467010,39083,3240,3240,19863,375,307,295,1882,1759,41.1,5.22,-100.0,-1,-1,43,282,8,0,0,0
chicken1_concoct_20_refined_2_Bin_15_3-contigs.fa,o__Clostridiales (UID1212),172,263,149,92.62,0.69,50.0,2240936,23822,2427,2427,8859,331,265,256,1349,1281,40.5,5.41,-100.0,-1,-1,38,223,2,0,0,0
chicken1_concoct_20_refined_2_Bin_15_4-contigs.fa,o__Clostridiales (UID1212),172,263,149,94.63,0.0,0.0,2734753,31204,2588,2588,34856,362,300,288,2752,2582,41.1,6.66,-100.0,-1,-1,9,254,0,0,0,0
chicken1_concoct_20_refined_2_Bin_15_5-contigs.fa,f__Lachnospiraceae (UID1255),90,354,174,93.68,0.99,60.0,3483868,42403,3323,3323,62684,380,316,303,2254,2109,41.8,6.32,-100.0,-1,-1,16,333,5,0,0,0
chicken1_concoct_20_refined_2_Bin_15_6-contigs.fa,o__Clostridiales (UID1226),155,278,158,89.22,3.16,0.0,2946512,32423,2925,2925,8475,372,296,285,1524,1461,41.2,4.79,-100.0,-1,-1,29,243,6,0,0,0
chicken1_concoct_20_refined_2_Bin_15_7_1-contigs.fa,f__Lachnospiraceae (UID1256),33,333,171,87.48,4.11,54.55,2953145,33494,2880,2880,23757,379,309,297,2584,2469,40.9,5.15,-100.0,-1,-1,51,273,8,1,0,0
chicken1_concoct_20_refined_2_Bin_15_8_1-contigs.fa,o__Clostridiales (UID1226),155,274,157,75.82,2.39,20.0,2933712,35793,2890,2890,44574,376,302,289,2193,2063,42.0,4.96,-100.0,-1,-1,59,210,5,0,0,0
chicken1_concoct_20_refined_2_Bin_15_9-contigs.fa,o__Clostridiales (UID1212),172,263,149,91.18,2.99,30.0,2288851,26867,2583,2583,7545,327,269,259,2317,2179,41.4,8.72,-100.0,-1,-1,19,234,10,0,0,0
chicken1_concoct_20_refined_2_Bin_16_1-contigs.fa,p__Actinobacteria (UID2112),31,211,124,85.32,2.49,50.0,2753978,20600,2588,2588,10477,399,307,299,2547,2456,37.1,3.64,-100.0,-1,-1,29,178,4,0,0,0
chicken1_concoct_20_refined_2_Bin_16_2_1-contigs.fa,o__Clostridiales (UID1212),172,263,149,69.95,1.88,28.57,1349027,12905,1595,1595,4754,317,256,248,1100,1055,40.1,0.0,-100.0,-1,-1,80,176,7,0,0,0
chicken1_concoct_20_refined_2_Bin_16_3-contigs.fa,o__Clostridiales (UID1120),304,250,143,64.56,1.63,0.0,1508213,14596,1719,1719,5133,315,253,245,2167,2038,39.7,6.81,-100.0,-1,-1,81,166,3,0,0,0
chicken1_concoct_20_refined_2_Bin_16_4-contigs.fa,o__Clostridiales (UID1212),172,261,147,87.62,1.04,25.0,2331985,21041,2381,2381,12461,364,292,284,2526,2422,37.7,6.42,-100.0,-1,-1,30,227,4,0,0,0
chicken1_concoct_20_refined_2_Bin_16_5-contigs.fa,o__Clostridiales (UID1226),155,278,158,81.32,1.17,50.0,2653485,27757,2756,2756,8411,345,292,282,2457,2325,41.7,6.74,-100.0,-1,-1,48,226,4,0,0,0
chicken1_concoct_20_refined_2_Bin_16_6-contigs.fa,o__Clostridiales (UID1212),172,263,149,83.55,8.51,78.26,2810683,27507,3149,3149,6698,336,262,253,3785,3559,37.1,4.97,-100.0,-1,-1,38,202,23,0,0,0
chicken1_concoct_20_refined_2_Bin_17_1_1-contigs.fa,o__Clostridiales (UID1212),172,263,149,89.26,0.25,33.33,2062885,25052,1919,1919,18160,396,323,310,4976,4735,39.0,6.53,-100.0,-1,-1,26,234,3,0,0,0
chicken1_concoct_20_refined_2_Bin_17_2_1-contigs.fa,o__Clostridiales (UID1226),155,278,158,95.99,2.05,0.0,2956209,31947,2703,2703,60447,386,328,317,3612,3461,40.6,5.72,-100.0,-1,-1,10,263,5,0,0,0
chicken1_concoct_20_refined_2_Bin_17_3-contigs.fa,o__Clostridiales (UID1120),304,247,141,98.58,0.0,0.0,2504373,27831,2429,2429,68254,363,305,293,3392,3208,41.6,3.82,-100.0,-1,-1,2,245,0,0,0,0
chicken1_concoct_20_refined_2_Bin_17_4_1-contigs.fa,o__Clostridiales (UID1212),172,263,149,79.93,3.36,42.86,2508704,24263,2477,2477,35161,371,297,287,2509,2369,40.0,7.62,-100.0,-1,-1,62,194,7,0,0,0
chicken1_concoct_20_refined_2_Bin_17_5_1-contigs.fa,o__Clostridiales (UID1212),172,263,149,81.48,0.56,0.0,1998247,24250,1792,1792,39099,392,313,300,3833,3644,39.7,3.52,-100.0,-1,-1,41,220,2,0,0,0
chicken1_concoct_20_refined_2_Bin_17_6_1-contigs.fa,o__Clostridiales (UID1226),155,278,158,86.95,1.32,25.0,2490599,27905,2416,2416,16666,380,303,292,1797,1731,40.6,5.61,-100.0,-1,-1,28,246,4,0,0,0
chicken1_concoct_20_refined_2_Bin_17_7-contigs.fa,o__Clostridiales (UID1212),172,263,149,86.8,11.13,9.3,2079824,20242,2123,2123,10107,358,290,281,1467,1420,37.2,5.08,-100.0,-1,-1,29,206,22,5,1,0
chicken1_concoct_20_refined_2_Bin_17_8-contigs.fa,o__Clostridiales (UID1212),172,263,149,51.59,0.24,100.0,1388924,12689,1410,1410,19231,363,291,282,1449,1402,40.3,8.89,-100.0,-1,-1,113,148,2,0,0,0
chicken1_concoct_20_refined_2_Bin_18_10_1-contigs.fa,o__Clostridiales (UID1226),155,278,158,96.82,1.58,0.0,3282653,33138,3011,3011,72158,388,320,309,3148,2974,41.3,5.21,-100.0,-1,-1,6,269,3,0,0,0
chicken1_concoct_20_refined_2_Bin_18_11_1-contigs.fa,o__Clostridiales (UID1226),155,278,158,64.15,1.27,50.0,3044478,33086,2698,2698,90645,395,333,321,4170,3924,40.0,6.71,-100.0,-1,-1,99,177,2,0,0,0
chicken1_concoct_20_refined_2_Bin_18_12-contigs.fa,o__Lactobacillales (UID544),293,473,265,95.85,0.75,0.0,3732466,46400,3808,3808,125805,350,284,272,2725,2591,34.0,6.23,-100.0,-1,-1,29,442,2,0,0,0
chicken1_concoct_20_refined_2_Bin_18_1_1-contigs.fa,f__Lachnospiraceae (UID1256),33,333,171,76.51,2.53,60.0,2111335,25826,2085,2085,19253,375,306,294,1928,1790,40.8,7.93,-100.0,-1,-1,107,221,5,0,0,0
chicken1_concoct_20_refined_2_Bin_18_2-contigs.fa,o__Clostridiales (UID1212),172,261,147,82.31,1.87,44.44,2316905,20975,2162,2162,34522,384,321,311,8432,8028,37.4,5.22,-100.0,-1,-1,42,210,9,0,0,0
chicken1_concoct_20_refined_2_Bin_18_3-contigs.fa,o__Clostridiales (UID1226),155,278,158,94.3,0.79,0.0,3256819,35836,3003,3003,48469,386,320,308,3809,3685,41.1,5.77,-100.0,-1,-1,10,265,3,0,0,0
chicken1_concoct_20_refined_2_Bin_18_4_1-contigs.fa,o__Clostridiales (UID1212),172,257,149,78.56,4.47,100.0,3100749,28695,3179,3179,21987,375,292,283,3721,3547,38.4,4.55,-100.0,-1,-1,73,175,9,0,0,0
chicken1_concoct_20_refined_2_Bin_18_5_1-contigs.fa,f__Bacillaceae (UID829),128,559,183,92.78,3.43,0.0,5165901,68887,5028,5028,113318,347,287,273,2018,1885,37.7,6.61,-100.0,-1,-1,17,532,10,0,0,0
chicken1_concoct_20_refined_2_Bin_18_6_1-contigs.fa,o__Clostridiales (UID1226),155,278,158,89.5,2.06,25.0,2684926,28527,2436,2436,80409,382,322,310,3719,3598,41.4,4.57,-100.0,-1,-1,23,251,4,0,0,0
chicken1_concoct_20_refined_2_Bin_18_7_1-contigs.fa,k__Bacteria (UID203),5449,104,58,56.9,5.17,66.67,1712188,16897,1681,1681,35310,376,301,291,3618,3397,39.6,8.22,-100.0,-1,-1,66,35,3,0,0,0
chicken1_concoct_20_refined_2_Bin_18_8_1-contigs.fa,f__Lachnospiraceae (UID1256),33,333,171,73.97,1.17,0.0,2560907,29492,2539,2539,55850,365,301,290,1511,1461,41.5,5.49,-100.0,-1,-1,83,247,3,0,0,0
chicken1_concoct_20_refined_2_Bin_18_9_1-contigs.fa,o__Clostridiales (UID1226),155,278,158,85.44,2.69,40.0,3104189,35155,2852,2852,65286,385,328,316,1616,1545,41.0,6.29,-100.0,-1,-1,36,237,5,0,0,0
chicken1_concoct_20_refined_2_Bin_19-contigs.fa,root (UID1),5656,56,24,100.0,504.07,13.47,19969331,294699,22138,22139,7533,336,263,250,3337,3134,39.7,7.0,-100.0,-1,-1,0,0,0,7,5,44
chicken1_concoct_20_refined_2_Bin_1_1-contigs.fa,o__Actinomycetales (UID1815),120,572,265,94.51,0.98,50.0,6690843,48179,7000,7000,10818,355,289,283,3658,3589,34.1,4.12,-100.0,-1,-1,27,541,4,0,0,0
chicken1_concoct_20_refined_2_Bin_1_2-contigs.fa,o__Clostridiales (UID1212),172,257,149,58.81,2.96,62.5,1901141,15591,1963,1963,13115,360,286,278,2461,2392,38.3,5.69,-100.0,-1,-1,113,136,8,0,0,0
chicken1_concoct_20_refined_2_Bin_2_1_1-contigs.fa,root (UID1),5656,56,24,4.17,0.0,0.0,4293003,39982,5012,5012,2882,322,259,251,2094,2051,35.7,5.01,-100.0,-1,-1,55,1,0,0,0,0
chicken1_concoct_20_refined_2_Bin_3_1-contigs.fa,k__Bacteria (UID2495),2993,147,91,89.01,0.0,0.0,996462,15402,963,963,293956,381,309,293,2267,2124,34.8,6.21,-100.0,-1,-1,10,137,0,0,0,0
chicken1_concoct_20_refined_2_Bin_4_1-contigs.fa,o__Lactobacillales (UID544),293,475,267,88.83,0.0,0.0,1996793,24744,1958,1958,40521,359,293,280,1451,1398,36.0,6.11,-100.0,-1,-1,51,424,0,0,0,0
chicken1_concoct_20_refined_2_Bin_4_2_1-contigs.fa,o__Lactobacillales (UID355),490,327,182,90.11,1.65,0.0,1812573,25105,1754,1754,65601,352,295,281,1718,1634,33.0,6.75,-100.0,-1,-1,23,300,4,0,0,0
chicken1_concoct_20_refined_2_Bin_4_3_1-contigs.fa,o__Clostridiales (UID1212),172,263,149,75.21,2.01,20.0,1586664,33702,1724,1724,23457,334,272,253,2788,2516,39.9,5.7,-100.0,-1,-1,50,208,5,0,0,0
chicken1_concoct_20_refined_2_Bin_4_4-contigs.fa,o__Clostridiales (UID1212),172,263,149,62.95,4.7,50.0,1669547,34290,1871,1871,7440,330,259,241,2787,2523,39.4,6.47,-100.0,-1,-1,102,153,7,1,0,0
chicken1_concoct_20_refined_2_Bin_4_5-contigs.fa,k__Bacteria (UID2329),174,149,89,86.63,5.06,20.0,1205518,21385,1496,1496,4737,311,242,228,1527,1453,39.4,6.09,-100.0,-1,-1,17,127,5,0,0,0
chicken1_concoct_20_refined_2_Bin_4_6-contigs.fa,g__Lactobacillus (UID377),91,430,154,87.19,0.51,80.0,1619367,26341,1721,1721,12633,339,280,265,1714,1605,34.9,6.37,-100.0,-1,-1,54,371,5,0,0,0
chicken1_concoct_20_refined_2_Bin_4_7_1-contigs.fa,g__Lactobacillus (UID380),58,449,129,61.26,0.07,0.0,953328,15711,1011,1011,26857,344,284,269,1433,1362,35.6,5.5,-100.0,-1,-1,135,313,1,0,0,0
chicken1_concoct_20_refined_2_Bin_5_1_1-contigs.fa,c__Gammaproteobacteria (UID4442),899,312,185,100.0,0.54,0.0,3990303,53629,3678,3678,191553,376,312,297,4373,3966,36.1,6.94,-100.0,-1,-1,0,311,1,0,0,0
chicken1_concoct_20_refined_2_Bin_5_2_1-contigs.fa,f__Enterobacteriaceae (UID5162),88,1207,328,95.14,1.16,69.23,4598335,53548,4608,4608,19868,369,294,283,1807,1650,36.3,6.8,-100.0,-1,-1,36,1158,13,0,0,0
chicken1_concoct_20_refined_2_Bin_5_3_1-contigs.fa,o__Clostridiales (UID1212),172,263,149,94.63,1.34,50.0,3127469,37701,3254,3254,29585,356,280,268,2020,1860,38.8,7.76,-100.0,-1,-1,14,247,2,0,0,0
chicken1_concoct_20_refined_2_Bin_5_4_1-contigs.fa,o__Clostridiales (UID1120),304,247,141,96.45,0.0,0.0,2069319,26609,1967,1967,78674,378,313,299,1827,1713,40.8,5.37,-100.0,-1,-1,5,242,0,0,0,0
chicken1_concoct_20_refined_2_Bin_5_5_1-contigs.fa,o__Clostridiales (UID1212),172,263,149,81.66,0.67,0.0,2746548,26934,2504,2504,61656,386,309,298,1777,1711,39.4,4.85,-100.0,-1,-1,41,221,1,0,0,0
chicken1_concoct_20_refined_2_Bin_5_6-contigs.fa,k__Bacteria (UID2372),131,176,105,90.1,0.0,0.0,2088163,22411,2040,2040,54854,377,307,296,2398,2340,38.8,6.27,-100.0,-1,-1,23,153,0,0,0,0
chicken1_concoct_20_refined_2_Bin_5_8_CTXM-contigs.fa,root (UID1),5656,56,24,0.0,0.0,0.0,70095,875,79,79,22050,340,251,240,1256,1195,32.7,5.88,-100.0,-1,-1,56,0,0,0,0,0
chicken1_concoct_20_refined_2_Bin_6_1-contigs.fa,o__Clostridiales (UID1212),172,257,149,92.28,4.97,6.67,2954880,25421,2764,2764,44628,386,312,302,2571,2473,38.6,5.9,-100.0,-1,-1,20,227,9,0,1,0
chicken1_concoct_20_refined_2_Bin_6_10_1-contigs.fa,o__Clostridiales (UID1212),172,263,149,98.21,0.34,100.0,2747622,30372,2492,2492,118051,394,325,313,2186,2068,40.4,6.42,-100.0,-1,-1,4,258,1,0,0,0
chicken1_concoct_20_refined_2_Bin_6_11-contigs.fa,o__Clostridiales (UID1212),172,263,149,88.59,0.0,0.0,1675953,13643,1653,1653,133701,365,301,292,2970,2901,39.7,3.68,-100.0,-1,-1,23,240,0,0,0,0
chicken1_concoct_20_refined_2_Bin_6_12-contigs.fa,o__Clostridiales (UID1212),172,263,149,82.33,2.35,20.0,2399233,18740,2268,2268,143009,362,302,294,2011,1941,41.1,5.22,-100.0,-1,-1,45,215,2,1,0,0
chicken1_concoct_20_refined_2_Bin_6_13-contigs.fa,k__Bacteria (UID2372),131,177,106,94.34,0.0,0.0,1923162,19269,1871,1871,29915,372,306,296,1943,1833,38.6,6.43,-100.0,-1,-1,10,167,0,0,0,0
chicken1_concoct_20_refined_2_Bin_6_14-contigs.fa,o__Clostridiales (UID1212),172,263,149,94.63,2.18,11.11,2099859,21008,2086,2086,71612,373,302,292,3941,3770,37.6,4.97,-100.0,-1,-1,9,245,9,0,0,0
chicken1_concoct_20_refined_2_Bin_6_15-contigs.fa,o__Clostridiales (UID1226),155,278,158,87.34,0.0,0.0,2256052,23610,2136,2136,84623,382,321,310,3301,3114,41.2,5.26,-100.0,-1,-1,34,244,0,0,0,0
chicken1_concoct_20_refined_2_Bin_6_16_1-contigs.fa,o__Clostridiales (UID1212),172,263,149,87.92,0.0,0.0,2561002,28281,2448,2448,115519,369,300,289,1494,1408,40.0,6.33,-100.0,-1,-1,27,236,0,0,0,0
chicken1_concoct_20_refined_2_Bin_6_17_1-contigs.fa,o__Clostridiales (UID1212),172,263,149,78.36,4.92,0.0,2229163,20784,2123,2123,56268,358,297,287,1627,1524,40.5,5.09,-100.0,-1,-1,54,199,10,0,0,0
chicken1_concoct_20_refined_2_Bin_6_18-contigs.fa,o__Clostridiales (UID1212),172,257,149,65.97,0.67,100.0,1829985,15796,1760,1760,23859,359,297,288,3812,3633,39.5,5.28,-100.0,-1,-1,108,148,1,0,0,0
chicken1_concoct_20_refined_2_Bin_6_19_1-contigs.fa,o__Clostridiales (UID1212),172,263,149,73.74,0.67,0.0,2036666,19271,1961,1961,65333,369,299,289,2510,2469,39.1,4.74,-100.0,-1,-1,62,200,1,0,0,0
chicken1_concoct_20_refined_2_Bin_6_20_1-contigs.fa,c__Clostridia (UID1118),387,223,124,90.73,1.69,0.0,2959678,25052,2697,2697,91970,383,323,314,2752,2703,38.6,5.41,-100.0,-1,-1,15,205,3,0,0,0
chicken1_concoct_20_refined_2_Bin_6_21_1-contigs.fa,o__Clostridiales (UID1120),304,247,141,94.68,0.0,0.0,2183668,24738,2117,2117,66885,380,308,296,1862,1744,40.9,6.6,-100.0,-1,-1,9,238,0,0,0,0
chicken1_concoct_20_refined_2_Bin_6_22-contigs.fa,o__Clostridiales (UID1212),172,263,149,91.28,1.01,0.0,2369649,25465,2207,2207,48869,378,312,301,2074,1960,38.6,6.81,-100.0,-1,-1,21,240,2,0,0,0
chicken1_concoct_20_refined_2_Bin_6_23-contigs.fa,o__Clostridiales (UID1212),172,257,149,85.23,2.37,42.86,2127040,17855,2145,2145,16312,358,288,280,1757,1672,37.5,6.15,-100.0,-1,-1,25,225,7,0,0,0
chicken1_concoct_20_refined_2_Bin_6_24-contigs.fa,o__Clostridiales (UID1212),172,261,147,95.24,7.48,13.33,2399990,21203,2274,2274,62273,374,311,302,1903,1836,37.4,5.3,-100.0,-1,-1,8,238,15,0,0,0
chicken1_concoct_20_refined_2_Bin_6_25-contigs.fa,o__Clostridiales (UID1212),172,257,149,84.0,8.9,37.04,3295379,28847,3433,3433,9393,345,271,262,2307,2231,39.0,6.45,-100.0,-1,-1,39,198,18,1,1,0
chicken1_concoct_20_refined_2_Bin_6_26-contigs.fa,o__Clostridiales (UID1212),172,263,149,87.19,4.87,28.57,2409256,24672,2314,2314,30443,364,297,286,3401,3285,39.3,6.07,-100.0,-1,-1,24,227,11,1,0,0
chicken1_concoct_20_refined_2_Bin_6_27-contigs.fa,o__Clostridiales (UID1212),172,263,149,93.96,2.01,0.0,2441531,23747,2104,2104,76099,412,344,333,2913,2813,38.1,5.77,-100.0,-1,-1,21,239,3,0,0,0
chicken1_concoct_20_refined_2_Bin_6_28_1-contigs.fa,o__Clostridiales (UID1212),172,257,149,78.35,10.37,23.08,2449886,20688,2359,2359,30258,370,298,289,2393,2352,39.4,5.74,-100.0,-1,-1,48,185,23,1,0,0
chicken1_concoct_20_refined_2_Bin_6_2_1-contigs.fa,o__Clostridiales (UID1212),172,263,149,93.96,0.0,0.0,2086494,19136,2095,2095,59512,356,290,281,2955,2868,38.6,5.21,-100.0,-1,-1,10,253,0,0,0,0
chicken1_concoct_20_refined_2_Bin_6_3_1-contigs.fa,o__Clostridiales (UID1212),172,263,149,82.89,0.67,0.0,2293706,20600,2346,2346,99788,355,291,282,3247,3065,38.1,6.08,-100.0,-1,-1,40,222,1,0,0,0
chicken1_concoct_20_refined_2_Bin_6_4-contigs.fa,o__Clostridiales (UID1226),155,278,158,91.97,2.9,10.0,3216424,34176,3074,3074,41446,373,310,299,3565,3435,40.4,4.79,-100.0,-1,-1,33,237,7,1,0,0
chicken1_concoct_20_refined_2_Bin_6_5-contigs.fa,o__Clostridiales (UID1226),155,278,158,94.04,0.92,66.67,2702909,27953,2615,2615,41104,373,310,299,3559,3435,40.3,5.04,-100.0,-1,-1,28,247,3,0,0,0
chicken1_concoct_20_refined_2_Bin_6_6-contigs.fa,o__Clostridiales (UID1212),172,257,149,76.94,3.41,45.45,2102805,18436,2168,2168,13101,362,292,283,3365,3261,38.5,6.46,-100.0,-1,-1,76,170,11,0,0,0
chicken1_concoct_20_refined_2_Bin_6_7-contigs.fa,f__Lachnospiraceae (UID1255),90,354,174,98.22,0.88,25.0,3441091,35963,3160,3160,81319,401,331,320,1875,1761,41.7,5.94,-100.0,-1,-1,5,345,4,0,0,0
chicken1_concoct_20_refined_2_Bin_6_8-contigs.fa,o__Clostridiales (UID1212),172,263,149,97.99,0.67,0.0,2673975,24844,2485,2485,107318,379,319,309,10093,9578,41.9,4.73,-100.0,-1,-1,5,257,1,0,0,0
chicken1_concoct_20_refined_2_Bin_6_9_1-contigs.fa,o__Clostridiales (UID1212),172,263,149,90.94,0.06,0.0,2252828,24870,2007,2007,58511,406,327,314,2733,2538,40.3,5.64,-100.0,-1,-1,16,246,1,0,0,0
chicken1_concoct_20_refined_2_Bin_7_1-contigs.fa,o__Clostridiales (UID1212),172,261,147,82.99,1.36,0.0,2148447,17245,1974,1974,72167,384,319,310,2141,2077,35.9,5.82,-100.0,-1,-1,34,225,2,0,0,0
chicken1_concoct_20_refined_2_Bin_7_10-contigs.fa,o__Clostridiales (UID1212),172,263,149,57.7,2.01,75.0,1700679,17382,1642,1642,43447,387,306,295,2814,2665,40.4,8.3,-100.0,-1,-1,104,155,4,0,0,0
chicken1_concoct_20_refined_2_Bin_7_11-contigs.fa,o__Clostridiales (UID1212),172,263,149,83.33,0.67,0.0,2004022,20259,1788,1788,64591,411,332,321,4061,3916,39.1,5.79,-100.0,-1,-1,39,223,1,0,0,0
chicken1_concoct_20_refined_2_Bin_7_12-contigs.fa,o__Lactobacillales (UID374),471,349,191,98.95,1.79,0.0,2191757,37802,2161,2161,53307,370,299,282,3875,3606,35.5,8.83,-100.0,-1,-1,2,341,6,0,0,0
chicken1_concoct_20_refined_2_Bin_7_14-contigs.fa,c__Clostridia (UID1118),387,223,124,98.19,3.37,0.0,2878801,36568,2508,2508,135451,420,344,329,2970,2806,40.0,6.47,-100.0,-1,-1,6,210,7,0,0,0
chicken1_concoct_20_refined_2_Bin_7_2-contigs.fa,o__Clostridiales (UID1212),172,263,149,78.52,0.02,100.0,1678859,14423,1586,1586,166158,369,307,298,3455,3335,40.0,4.87,-100.0,-1,-1,42,220,1,0,0,0
chicken1_concoct_20_refined_2_Bin_7_3-contigs.fa,o__Clostridiales (UID1212),172,263,149,78.86,0.0,0.0,1901875,18377,1859,1859,80563,361,299,289,3279,3101,38.0,5.2,-100.0,-1,-1,51,212,0,0,0,0
chicken1_concoct_20_refined_2_Bin_7_4_1-contigs.fa,p__Actinobacteria (UID2112),31,211,124,96.51,2.42,50.0,3548458,27518,3113,3113,74108,414,335,327,3534,3388,36.8,5.69,-100.0,-1,-1,5,202,4,0,0,0
chicken1_concoct_20_refined_2_Bin_7_5_1-contigs.fa,c__Clostridia (UID1118),387,223,124,91.35,0.05,0.0,2411408,30528,2125,2125,79424,422,342,328,5285,5081,39.5,5.66,-100.0,-1,-1,40,182,0,1,0,0
chicken1_concoct_20_refined_2_Bin_7_6_1-contigs.fa,o__Lactobacillales (UID544),293,475,267,97.0,0.0,0.0,2959585,40122,2912,2912,148807,361,299,285,1974,1887,34.7,6.01,-100.0,-1,-1,11,464,0,0,0,0
chicken1_concoct_20_refined_2_Bin_7_7-contigs.fa,o__Clostridiales (UID1120),304,250,143,89.16,0.7,0.0,1860680,20895,1824,1824,140221,363,300,289,2196,2116,38.2,6.55,-100.0,-1,-1,18,231,1,0,0,0
chicken1_concoct_20_refined_2_Bin_7_8_1-contigs.fa,f__Moraxellaceae (UID4680),86,689,365,100.0,0.0,0.0,3911346,50984,3739,3739,112852,369,306,292,3290,3020,35.3,6.08,-100.0,-1,-1,0,689,0,0,0,0
chicken1_concoct_20_refined_2_Bin_7_9_1-contigs.fa,f__Xanthomonadaceae (UID4214),55,659,290,100.0,1.74,0.0,4907923,38733,4561,4561,80196,397,320,311,4128,3980,34.6,5.47,-100.0,-1,-1,0,650,9,0,0,0
chicken1_concoct_20_refined_2_Bin_8_1_1-contigs.fa,k__Bacteria (UID2372),131,177,106,96.7,0.13,0.0,2610001,39236,2838,2838,21899,340,276,262,2574,2418,40.7,7.21,-100.0,-1,-1,5,171,1,0,0,0
chicken1_concoct_20_refined_2_Bin_8_2_1-contigs.fa,k__Bacteria (UID2372),131,177,106,97.17,2.83,0.0,2403433,46402,2343,2343,27992,371,306,287,2466,2278,39.8,8.39,-100.0,-1,-1,6,167,4,0,0,0
chicken1_concoct_20_refined_2_Bin_8_3_1-contigs.fa,o__Clostridiales (UID1212),172,263,149,89.74,0.0,0.0,2139475,29721,2070,2070,84110,368,298,284,2584,2415,40.1,5.62,-100.0,-1,-1,27,236,0,0,0,0
chicken1_concoct_20_refined_2_Bin_8_4_1-contigs.fa,c__Clostridia (UID1118),387,223,124,92.34,6.1,12.5,2351585,27901,2178,2178,64480,396,323,310,4754,4499,39.4,5.53,-100.0,-1,-1,14,195,13,1,0,0
chicken1_concoct_20_refined_2_Bin_8_5_1-contigs.fa,o__Clostridiales (UID1212),172,263,149,99.98,0.0,0.0,2449001,36111,2348,2348,89833,381,316,301,2513,2388,39.9,6.38,-100.0,-1,-1,1,262,0,0,0,0
chicken1_concoct_20_refined_2_Bin_8_6_1-contigs.fa,c__Clostridia (UID1118),387,223,124,68.95,2.42,33.33,1597473,16772,1475,1475,47346,399,318,307,4480,4275,38.6,4.82,-100.0,-1,-1,71,149,3,0,0,0
chicken1_concoct_20_refined_2_Bin_9_10_1-contigs.fa,o__Clostridiales (UID1226),155,278,158,98.61,0.63,0.0,3756163,42258,3434,3434,76770,394,327,315,5700,5434,41.1,6.29,-100.0,-1,-1,5,272,1,0,0,0
chicken1_concoct_20_refined_2_Bin_9_11_1-contigs.fa,o__Clostridiales (UID1226),155,278,158,94.3,0.65,50.0,2204266,25367,2116,2116,90574,373,321,309,9429,8835,42.2,4.87,-100.0,-1,-1,11,265,2,0,0,0
chicken1_concoct_20_refined_2_Bin_9_12-contigs.fa,o__Clostridiales (UID1226),155,278,158,96.82,0.78,0.0,3671085,42126,3565,3565,20095,366,310,298,4239,4045,41.7,3.86,-100.0,-1,-1,9,265,4,0,0,0
chicken1_concoct_20_refined_2_Bin_9_13_1-contigs.fa,k__Bacteria (UID2329),174,149,89,91.57,0.56,0.0,1243872,20268,1266,1266,35313,372,296,280,1536,1468,38.5,5.96,-100.0,-1,-1,9,139,1,0,0,0
chicken1_concoct_20_refined_2_Bin_9_14-contigs.fa,o__Clostridiales (UID1120),304,247,141,96.45,0.71,0.0,2915226,33179,2750,2751,81103,384,318,306,3836,3583,40.5,6.69,-100.0,-1,-1,6,240,1,0,0,0
chicken1_concoct_20_refined_2_Bin_9_15-contigs.fa,o__Clostridiales (UID1212),172,263,149,79.98,2.01,0.0,2039329,18934,1770,1770,79153,417,340,330,3354,3209,38.7,6.31,-100.0,-1,-1,49,211,3,0,0,0
chicken1_concoct_20_refined_2_Bin_9_16-contigs.fa,o__Clostridiales (UID1212),172,263,149,96.31,1.34,0.0,3088233,35639,2826,2826,67779,394,321,309,2665,2510,40.1,5.82,-100.0,-1,-1,22,238,3,0,0,0
chicken1_concoct_20_refined_2_Bin_9_17-contigs.fa,o__Clostridiales (UID1226),155,278,158,99.21,0.0,0.0,3587157,39314,3392,3392,58371,379,316,305,4120,4001,40.7,5.01,-100.0,-1,-1,2,276,0,0,0,0
chicken1_concoct_20_refined_2_Bin_9_18-contigs.fa,o__Clostridiales (UID1226),155,278,158,99.37,0.06,0.0,3365627,37853,3219,3219,118123,383,317,306,5362,5126,40.6,5.93,-100.0,-1,-1,1,274,3,0,0,0
chicken1_concoct_20_refined_2_Bin_9_19-contigs.fa,o__Clostridiales (UID1212),172,261,147,93.2,2.04,0.0,3403148,32770,3254,3254,90664,381,307,297,3197,3001,37.6,5.68,-100.0,-1,-1,15,243,3,0,0,0
chicken1_concoct_20_refined_2_Bin_9_1_1-contigs.fa,o__Clostridiales (UID1212),172,263,149,96.48,5.74,13.04,2731319,40418,2525,2525,57486,388,322,306,2617,2441,40.1,6.94,-100.0,-1,-1,6,236,20,1,0,0
chicken1_concoct_20_refined_2_Bin_9_2-contigs.fa,o__Clostridiales (UID1212),172,263,149,71.69,1.73,25.0,1291224,25809,1277,1277,50308,368,297,277,1998,1855,38.7,6.35,-100.0,-1,-1,60,199,4,0,0,0
chicken1_concoct_20_refined_2_Bin_9_20-contigs.fa,f__Bacillaceae (UID829),128,559,183,98.58,2.05,0.0,5165740,67576,5254,5255,368305,335,271,259,2729,2473,38.4,5.26,-100.0,-1,-1,5,548,5,0,1,0
chicken1_concoct_20_refined_2_Bin_9_3_1-contigs.fa,o__Clostridiales (UID1226),155,278,158,82.91,0.34,33.33,2874018,34688,2655,2655,91585,396,326,312,2489,2356,41.6,4.7,-100.0,-1,-1,44,231,3,0,0,0
chicken1_concoct_20_refined_2_Bin_9_4-contigs.fa,f__Lachnospiraceae (UID1256),33,333,171,77.09,3.51,0.0,2433463,28105,2365,2365,45927,385,312,301,2108,2013,40.9,5.49,-100.0,-1,-1,68,258,7,0,0,0
chicken1_concoct_20_refined_2_Bin_9_5_1-contigs.fa,o__Clostridiales (UID1212),172,263,149,92.62,1.34,0.0,2720024,45780,2522,2522,72729,381,309,291,3009,2787,40.1,6.16,-100.0,-1,-1,12,247,4,0,0,0
chicken1_concoct_20_refined_2_Bin_9_6_1-contigs.fa,o__Clostridiales (UID1212),172,263,149,72.31,6.01,13.64,2064084,37700,2262,2262,75970,347,269,252,3315,3072,38.2,7.17,-100.0,-1,-1,52,198,10,2,1,0
chicken1_concoct_20_refined_2_Bin_9_7-contigs.fa,o__Clostridiales (UID1212),172,263,149,84.56,0.0,0.0,2025262,28243,2033,2033,94339,351,295,281,1552,1455,40.1,5.37,-100.0,-1,-1,27,236,0,0,0,0
chicken1_concoct_20_refined_2_Bin_9_8-contigs.fa,o__Clostridiales (UID1212),172,263,149,93.96,1.23,0.0,2936300,29507,2694,2694,52838,397,325,314,1961,1888,40.4,6.03,-100.0,-1,-1,11,249,3,0,0,0
chicken1_concoct_20_refined_2_Bin_9_9-contigs.fa,o__Clostridiales (UID1226),155,278,158,89.03,0.08,0.0,2474506,23355,2215,2215,100597,399,336,325,4526,4388,40.3,4.43,-100.0,-1,-1,27,247,4,0,0,0
